"Name ","Hands Decay ","End
Decay ","Fire
Recoil
Time ","Fire
Recoil
Strength
First ","Fire
Recoil
Strength ","Angle
Recoil
Strength ","Use
Random
Rotation ","Randomness ","Randomness
Back
Push ","Frontal
Oscillation
Rotation ","Frontal
Oscillation
Strength ","Frontal
Oscillation
Decay ","Frontal
Oscillation
Randomness ","Reset
Curve
Recoil
When
Applying ","Rotation x ","y ","z ","Curve Recoil Total
Recoil Time ","Limit
Transition ","Min Decay ","Max ","Position Recoil
Time
Modifiers x ","y ","z ","Rotation x ","y ","z ","Position Curves x Max
Value ","y ","z ","Min Limits x ","y ","z ","Max x ","y ","z ","Noise Params x Noise ","Can
Invert
Curve ","y Noise ","Can
Invert
Curve ","z Noise ","Can
Invert
Curve ","Rotation Curves x Max
Value ","y ","z ","Min Limits x ","y ","z ","Max x ","y ","z ","Noise Params x Noise ","Can
Invert
Curve ","y Noise ","Can
Invert
Curve ","z Noise ","Can
Invert
Curve ","Position Decay Time
Multipliers x ","y ","z ","Curve Max Values x Max
Value ","Min
Scaling
Factor ","Use
Decay
Scaling ","Use
Weapon
Orientation ","y Max
Value ","Min
Scaling
Factor ","Use
Decay
Scaling ","Use
Weapon
Orientation ","z Max
Value ","Min
Scaling
Factor ","Use
Decay
Scaling ","Use
Weapon
Orientation ","Rotation Decay Time
Multipliers x ","y ","z ","Decay Curve Max Values x Max
Value ","Min
Scaling
Factor ","Use
Decay
Scaling ","Use
Weapon
Orientation ","y Max
Value ","Min
Scaling
Factor ","Use
Decay
Scaling ","Use
Weapon
Orientation ","z Max
Value ","Min
Scaling
Factor ","Use
Decay
Scaling ","Use
Weapon
Orientation ","Rotation
Offset x ","y ","z ","Aim Pull
Left
Percentage ","Random
Pitch ","Random
Yaw ","Decay ","End
Decay ","Recoil
Time ","Delay ","Max x ","y ","Shot
Kick
First x ","y ","Shot
Kick x ","y ","Curve Aim Recoil Yaw Max
Degrees ","Pitch ","Roll ","Max
Fire
Time ","Recoil
Smooth
Time ","Decay
Start
Time ","Min Decay
Time ","Max ","Min Limits x ","y ","z ","Max x ","y ","z ","Noise
Curves Yaw Noise
Max
Value ","Pitch ","Roll ","Body Hips
Push
Force ","Hips
Damp
Strength ","Hips
Damp
Strength
End ","Spine
Push
Force
First ","Spine
Push
Force ","Spine
Damp
Strength ","Spine
Damp
Strength
End ","Head Frequency ","Smooth
Factor ","Frequency
Noise
Factor ","Max
Distance ","Phase ","Translation
Noise ","Rotation
Noise ","Use
Perlin
Noise ","Reference
Speed ","Min
Speed ","Min
Scale ","Max
Speed ","Max
Scale ","Translation x ","y ","z ","Rotation x ","y ","z ","Curve Recoil Head
Recoil
Time ","Frequency ","Smoothing
Speed ","Position Offset x ","y ","z ","Noise x Noise ","Can
Invert ","y Noise ","Can
Invert ","z Noise ","Can
Invert ","Rotation Offset x ","y ","z ","Noise x Noise ","Can
Invert ","y Noise ","Can
Invert ","z Noise ","Can
Invert ","__ref "
"apar_special_ballistic_01_single","7.5","1","0","0","0","0","0","1","0","0","0","1","0","","0","0","0","0","0","0","0","1","1","1","1","1","1","0","0","0","0","0","0","0","0","0","0","0","0","0","0","0","0","0","0","0","0","0","0","0","0","0","0","0","0","0","0","1","1","1","0","0","1","1","0","0","1","1","0","0","1","1","1","1","1","0","0","1","1","0","0","1","1","0","0","1","1","0","0","0","0","0","0","20","20","0","0","3","30","0.75","0.75","0.75","0.75","0","0","0","0","0","0","0","0","-15","-15","0","15","15","0","0","0","0","0.01","1","1","0","0","1","1","20","0","0","0","0","0","0","0","0","0","0","0","0","0","0","0","0.07","0.32","0.07","0","0","0","0","0","0","0","0","0","0","0","0","0","0","0","0","0","0","0","0","0","27c210e0-cc18-4865-99ac-5900e86b440a"
"behr_glauncher_ballistic_01_single","7","6","0.018","1.2","0.8","0.6","1","1","0","0.5","10","5","2","","0","0","0","0","0","0","0","1","1","1","1","1","1","0","0","0","0","0","0","0","0","0","0","0","0","0","0","0","0","0","0","0","0","0","0","0","0","0","0","0","0","0","0","1","1","1","0","0","1","1","0","0","1","1","0","0","1","1","1","1","1","0","0","1","1","0","0","1","1","0","0","1","1","0","0","0","0.5","0.1","0.05","0","30","0","0","2","25","0.02","1.8","0.01","1.5","0","0","0","0","0","0","0","0","-15","-15","0","15","15","0","0","0","0","0.005","3","5","0.009","0.005","5","7","22","0","2","0.0001","0","0","0","1","1","0","0","0","0","0","0","0","2.5","3","0.5","0","0","0","0","0","0","0","0","0","0","0","0","0","0","0","0","0","0","0","0","0","55b38b11-7cf0-4a09-a6d4-6d9b742396ed"
"behr_lmg_ballistic_01_rapid","2","15","0.1","0","0","0","0","0","0","0","0","0","0","","0","0","0","0.0875","1","0.55","1","1","1","1","1","1","1","-0.0005","-0.021","-0.0004","-0.0014","-0.024","-0.003","0.0014","0.01","0.003","0","1","0.01","0","0.0001","1","0.55","2.25","0.125","-0.1","-4","-1.35","0.95","4","2.5","0.15","0","0.5","1","0","1","1","1","1","0.0002","0.1","1","1","0.0025","0.2","1","1","0.0002","0.5","1","0","1.35","1","1","0.6","0","1","0","0.4","0.2","1","1","0.086","0.25","1","1","0","0.2","0.175","0","0","0","20","20","0","0","0","0","0","0","0","0","0.03","0.28","0","3","0.4","0.13","2","2","-46","-5","0","46","26","2","0.02","0.03","0","0.005","1.5","5","0.009","0.0066","2","7","15","5","3","5","1","0","0","0","1","0","0","0","0","100","0","0","0","0","0","1","50","50","0.035","0.03","0.035","0.02","1","0.01","0","0.01","0","0.2","0.2","0.175","0.02","1","0.05","1","0.02","1","1128b692-c004-4ad6-82ab-bec57790efcd"
"none_lmg_ballistic_01_rapid","2","15","0.1","0","0","0","0","0","0","0","0","0","0","","0","0","0","0.14","1","0.55","1","1","1","1","1","1","1","-0.0005","-0.031","-0.0004","-0.0014","-0.04","-0.003","0.0014","0.01","0.003","0","1","0.01","0","0.0001","1","0.55","3.5","0.4","-0.1","-4","-1.35","0.95","4","2.5","0.15","0","1.5","1","0.15","1","1","1","1","0.0002","0.1","1","1","0.0025","0.2","1","1","0.0002","0.5","1","0","1.35","1","1","0.6","0","1","0","0.4","0.2","1","1","0.086","0.25","1","1","0","0.2","0.15","0","0","0","20","20","0","0","0","0","0","0","0","0","0.32","0.8","0","2","0.2","0.13","2","2","-15","-5","0","15","26","2","0.2","0.03","0","0.005","1.5","5","0.009","0.0066","2","7","15","5","3","5","1","0","0","1","0","0","0","0","0","100","0","0","0","0","0","0.3","50","50","0.035","-1","0.035","0.02","1","0.01","0","0.01","0","0.05","0.08","0.03","0.014","1","0.025","1","0.014","1","f8c0a0e8-9329-4288-a91f-a7dfa3b9ed91"
"volt_lmg_ballistic_01_rapid","2","15","0.1","0","0","0","0","0","0","0","0","0","0","","0","0","0","0.045","1","0.25","0.25","1","1","1","0.66","1","1","-0.0015","-0.04","-0.0005","-0.0015","-0.035","-0.0005","0.0015","0.01","0.0005","0","1","0","0","0","1","0","1","0","-0.1","-4","-1.35","0.95","4","2.5","0","0","0","1","0","1","1","3","1","0.0002","0.1","1","1","0.01","0.4","1","0","0.0002","0.5","1","0","1","0.2","1","3","0.1","1","1","0.4","0.2","1","1","0.086","0.25","1","1","0","0.05","0.19","0","0","0","20","20","0","0","0","0","0","0","0","0","0.03","0.2","0","1.5","0.15","0.4","1.4","1.4","-46","-5","0","46","26","3.75","0.005","0.005","0","0.0225","1.5","5","0.009","0.0066","2","7","15","5","3","5","1","0","0","0","1","0","0","0","0","100","0","0","0","0","0","0.09","8","55","0.08","0.185","0.08","0","1","0","1","0","0","0.3","0.3","0.15","0","1","0","1","0","1","2f85cba6-a456-4cf1-a24b-50371edaa8c6"
"behr_pistol_ballistic_01_single","2","15","0.1","0","0","0","0","0","0","0","0","0","0","","0","0","0","0.125","1","0.22","0.75","1","1","1","1","1","1","-0.0005","-0.02","0","-0.3","-0.05","-0.003","0.3","0","0.003","0","1","0.01","0","0","0","1","1","0.77","-0.5","-8","-2.5","0.6","8","2.5","0.15","0","0.5","1","0.4","1","1","1","1","0","0.1","1","1","0","0","1","1","0","0","1","1","1","1.85","1","0","0.33","1","1","0","0.05","1","1","0","0.05","1","1","0","0","0","0","0","0","20","20","0","0","0","0","0","0","0","0","0.06","0.19","0","1","0.09","0.13","1","0.75","-23","-3","0","23","5","0","0.04","0.03","0","0.0275","2","5","0.009","0.005","2","7","15","5","3","5","1","0","0","0","1","0","0","0","0","100","0","0","0","0","0","0.4","50","500","0.1","0.12","0.1","0","1","0","0","0","1","0.2","0.25","0.2","0.05","1","0.05","1","0.05","1","1ddee50c-61b4-497d-ba62-0b4b0da7f8a7"
"behr_rifle_ballistic_01_burst","7","5","0.018","0.9","1.5","0.6","0","1","55","0.5","25","2","3","","0","0","0","0","0","0","0","1","1","1","1","1","1","0","0","0","0","0","0","0","0","0","0","0","0","0","0","0","0","0","0","0","0","0","0","0","0","0","0","0","0","0","0","1","1","1","0","0","1","1","0","0","1","1","0","0","1","1","1","1","1","0","0","1","1","0","0","1","1","0","0","1","1","0","0","0","0.5","0","0.05","8","3","0","0","2","25","0.02","1.65","0.01","1.3","0","0","0","0","0","0","0","0","-15","-15","0","15","15","0","0","0","0","0.003","3","5","0.009","0.005","5","7","22","1","2","0.5","0.2","0.2","3","0","0","0","0","0","0","0.25","2","0.25","0.5","1","1","0","0","0","0","0","0","0","0","0","0","0","0","0","0","0","0","0","0","0","0","0","22820b87-f32c-450e-bafc-909d94f2b59c"
"behr_rifle_ballistic_01_rapid_NewRecoil","2","15","0.1","0","0","0","0","0","0","0","0","0","0","","0","0","0","0.068","1","0.55","0.75","1","1","1","1","1","1","-0.0005","-0.027","-0.00125","-0.3","-0.032","-0.003","0.3","0","0.003","0","1","0.1","0","0","0","0.4","1","0.25","-0.5","-8","-1.35","1","8","2.5","0.05","0","0.5","1","0","1","1","1","1","0.0002","0.5","1","1","0","0","1","1","0","0","1","1","1","1.85","1","-0.5","0.7","1","0","0.3","0.5","1","1","0.06","0.5","1","1","0","0.125","0.175","0","0","0","20","20","0","0","0","0","0","0","0","0","0.02","0.19","0","1","0.09","0.13","1","1.75","-23","-3","0","23","5","0","0.02","0.03","0","0.0025","2","5","0.009","0.005","2","7","15","5","3","5","1","0","0","0","1","0","0","0","0","100","0","0","0","0","0","0.4","50","500","0.05","0.06","0.05","0","1","0","0","0","1","0.2","0.25","0.2","0.05","1","0.05","1","0.05","1","d53e982f-8155-4207-8eb6-b34a23ca55de"
"behr_rifle_ballistic_01_rapid","7","5","0.018","1.3","1.5","1","0","1","15","0.1","44","5","3","","0","0","0","0","0","0","0","1","1","1","1","1","1","0","0","0","0","0","0","0","0","0","0","0","0","0","0","0","0","0","0","0","0","0","0","0","0","0","0","0","0","0","0","1","1","1","0","0","1","1","0","0","1","1","0","0","1","1","1","1","1","0","0","1","1","0","0","1","1","0","0","1","1","0","0","0","0.5","0","0.05","8","12","0","0","2","25","0.02","1.1","0.01","1.3","0","0","0","0","0","0","0","0","-15","-15","0","15","15","0","0","0","0","0.003","3","5","0.009","0.005","5","7","5","1","2","0.5","0.2","0.2","3","0","0","0","0","0","0","0.3","1.6","3.3","0.5","1","1","0","0","0","0","0","0","0","0","0","0","0","0","0","0","0","0","0","0","0","0","0","01288534-1ab6-4742-befb-7c449710bf73"
"behr_rifle_ballistic_01_single","2","15","0.1","0","0","0","0","0","0","0","0","0","0","","0","0","0","0.068","1","0.55","0.75","1","1","1","1","1","1","-0.0005","-0.045","-0.00125","-0.3","-0.032","-0.003","0.3","0","0.003","0","1","0.01","0","0","0","0.75","1","0.25","-0.5","-8","-1.35","1","8","2.5","0.3","0","0.5","1","0","1","1","1","1","0","0","1","1","0","0","1","1","0","0","1","1","1","1.85","1","0","0","1","0","0","0","1","1","0","0","1","1","0","0.125","0.175","0","0","0","20","20","0","0","0","0","0","0","0","0","0","0.12","0","1","0.09","0.13","1","1.75","-23","-3","0","23","5","0","0","0.03","0","0.003","3","5","0.009","0.005","5","7","15","5","3","5","1","0","0","0","1","0","0","0","0","100","0","0","0","0","0","0.4","50","500","0.05","0.06","0.05","0","1","0","0","0","1","0.2","0.25","0.2","0.05","1","0.05","1","0.05","1","5f7529a8-cc27-49e7-b5e7-726ca9127999"
"behr_rifle_ballistic_02_rapid_civilian","2","15","0.1","0","0","0","0","0","0","0","0","0","0","","0","0","0","0.25","1","0.5","1","1","1","1","1","1","1","-0.0007","-0.06","-0.0005","-0.3","-0.1","-0.003","0.3","0.01","0.003","0.0002","1","0.01","0","0.000125","0","0.8","2","0.45","-0.5","-8","-1.35","0.75","8","2.5","0.15","0","0.4","1","0.016","1","1","3","1","0","0.5","1","1","-0.2","0","0","0","0.03","0","0","1","1","1.85","1","1","0.3","1","0","0","0.5","1","1","0","0.5","1","1","0","0.125","0.175","0","0","0","20","20","0","0","0","0","0","0","0","0","0.1","1.15","0","3","0.06","0.43","0.66","1","-46","-22","-20","46","10","20","0","0.03","0","0.012","5","3","0.009","0.005","2","7","15","5","3","5","1","0","0","0","1","0","0","0","0","100","0","0","0","0","0","0.4","50","25","0.05","-0.2","0.05","0","1","0","0","0","1","0.2","0.25","0.2","0.1","1","0.1","1","0.1","1","855041ca-d3ee-428a-9221-253d7ba2685a"
"behr_rifle_ballistic_02_rapid_NewRecoil","2","15","0.1","0","0","0","0","0","0","0","0","0","0","","0","0","0","0.09","1","0.2","0.4","1","1","1","1","1","1","0","-0.03","-0.0005","-0.3","-0.03","-0.003","0.3","0","0.003","0","1","0","0","0","0","0.4","2","0.125","-0.5","-8","-1.35","0.75","8","2.5","0.3","0","0","1","0","1","1.85","3","1","0","0","1","1","0","0","1","1","0","0","1","1","1.33","2","2","0","0","1","1","0","0","1","1","0","0","1","1","0","0.125","0.175","0","0","0","20","20","0","0","0","0","0","0","0","0","0.1","0.19","0","3","0.09","0.13","0.2","0.4","-46","-5","0","46","12","2","0.04","0.03","0","0.003","3","5","0.009","0.005","5","7","15","5","3","5","1","0","0","0","1","0","0","0","0","100","0","0","0","0","0","0.4","50","25","0.05","-0.2","0.05","0","1","0","0","0","1","0.2","0.25","0.2","0.1","1","0.1","1","0.1","1","efe3746e-1263-49fd-abcc-38d84389e8f4"
"behr_rifle_ballistic_02_rapid","16","10","0.03","1.5","0.6","0.3","1","0.3","1","0.7","20","10","0","","0","0","0","0","0","0","0","1","1","1","1","1","1","0","0","0","0","0","0","0","0","0","0","0","0","0","0","0","0","0","0","0","0","0","0","0","0","0","0","0","0","0","0","1","1","1","0","0","1","1","0","0","1","1","0","0","1","1","1","1","1","0","0","1","1","0","0","1","1","0","0","1","1","0","0","0","0","0","0","0","0","0","0","0","0","0","0","0","0","0","0","0","0","0","0","0","0","-15","-15","0","15","15","0","0","0","0","0.01","1","1","0","0","1","1","10","0","0.2","0","0","0","0","1","0","0","0","0","0","0","0","0","0.1","0.4","0.1","0","0","0","0","0","0","0","0","0","0","0","0","0","0","0","0","0","0","0","0","0","410eee66-986e-454d-865c-5b98eb614582"
"behr_rifle_ballistic_02_single","5","6","0.028","0.7","2","0.3","1","1","1","0.5","10","5","2","","0","0","0","0","0","0","0","1","1","1","1","1","1","0","0","0","0","0","0","0","0","0","0","0","0","0","0","0","0","0","0","0","0","0","0","0","0","0","0","0","0","0","0","1","1","1","0","0","1","1","0","0","1","1","0","0","1","1","1","1","1","0","0","1","1","0","0","1","1","0","0","1","1","0","0","0","0","0","0","0","0","0","0","0","0","0","0","0","0","0","0","0","0","0","0","0","0","-15","-15","0","15","15","0","0","0","0","0.005","3","5","0.009","0.005","5","7","22","2","1","0.05","0","0","3","1","1","0","0","0","0","0","","0","0.1","0.4","0.1","0","0","0","0","0","0","0","0","0","0","0","0","0","0","0","0","0","0","0","0","0","ba70392f-4d02-4a61-a66d-9714724cab8b"
"behr_shotgun_ballistic_01_single","0","0","0","0","0","0","1","0","0","0","0","0","0","","0","0","0","0","0","0","0","1","1","1","1","1","1","0","0","0","0","0","0","0","0","0","0","0","0","0","0","0","0","0","0","0","0","0","0","0","0","0","0","0","0","0","0","1","1","1","0","0","1","1","0","0","1","1","0","0","1","1","1","1","1","0","0","1","1","0","0","1","1","0","0","1","1","0","0","0","0","0","0","20","20","0","0","3","30","0.75","0.75","0.75","0.75","0","0","0","0","0","0","0","0","-15","-15","0","15","15","0","0","0","0","0.01","1","1","0","0","1","1","0","0","0","0","0","0","0","0","0","0","0","0","0","0","0","0","0","0","0","0","0","0","0","0","0","0","0","0","0","0","0","0","0","0","0","0","0","0","0","0","8ca51f76-e9d3-453d-bb90-e833466c69e8"
"behr_smg_ballistic_01_burst","5","6","0.02","0.8","1","0","0","0.1","0","0.3","22","5","1","","1","1","0","0","0","0","0","1","1","1","1","1","1","0","0","0","0","0","0","0","0","0","0","0","0","0","0","0","0","0","0","0","0","0","0","0","0","0","0","0","0","0","0","1","1","1","0","0","1","1","0","0","1","1","0","0","1","1","1","1","1","0","0","1","1","0","0","1","1","0","0","1","1","0","0","0","0.5","0","0","10","8","0","0","1","18","0.08","2.2","0.15","2.2","0","0","0","0","0","0","0","0","-15","-15","0","15","15","0","0","0","0","0.005","3","5","0.005","0.01","5","5","11","1","2","0.5","0.2","0.2","2","0","0","0","0","0","0","1","1","1","0.5","0.5","0.5","0","0","0","0","0","0","0","0","0","0","0","0","0","0","0","0","0","0","0","0","0","db7fb1a6-03b2-4c09-9897-65dd944847ab"
"behr_smg_ballistic_01_rapid_newrecoil","2","15","0.1","0","0","0","0","0","0","0","0","0","0","","0","0","0","0.06","1","0.55","0.75","1","1","1","1","1","1","-0.00005","-0.0225","-0.0004","-0.0015","-0.05","-0.003","0.0015","0","0.003","0","1","0.005","0","0.0001","1","0.3","0.125","0.125","-0.5","-0.5","-0.5","0.75","0.5","1.5","0.1","0","0","1","0","1","1","1.2","1","0.00002","0.1","1","1","0.0025","0.1","1","1","0","0","1","1","1.1","1.66","0.75","0.75","0.75","1","0","0.4","0.4","1","1","0.22","0.4","1","1","0","0","0","0","0","0","20","20","0","0","0","0","0","0","0","0","0.2","0.235","0","1.66","0.09","0.15","0.25","0.55","-15","-3","-1","23","5","5","0.1","0.02","0.2","0.0065","3","5","0.005","0.005","5","5","15","5","3","5","1","0","0","0","1","0","0","0","0","100","0","0","0","0","0","0.4","50","75","0.02","0.02","0.05","0.005","1","0.005","0","0.005","1","0.2","0.125","0.2","0.1","1","0.06","1","0.1","1","f14c5aec-9707-47ba-ae6e-2d811f7e1e85"
"behr_smg_ballistic_01_rapid","2","15","0.1","0","0","0","0","0","0","0","0","0","0","","0","0","0","0.068","1","0.33","0.33","1","1","1","1","1","1","0","-0.027","-0.0005","-0.3","-0.038","-0.003","0.3","0","0.003","0","1","0.01","0","0","0","0.65","2","0.125","-0.5","-8","-1.35","0.95","8","2.5","0.15","0","0.5","1","0","1","1.85","1","1","0","0","1","1","0","0","1","1","0","0","1","1","1.33","1","1","0","0","1","1","0","0","1","1","0","0","1","1","0","0.125","0.175","0","0","0","20","20","0","0","0","0","0","0","0","0","0.1","0.19","0","3","0.09","0.13","0.2","0.4","-46","-5","0","46","12","2","0.04","0.03","0","0.005","3","5","0.005","0.01","5","5","15","5","3","5","1","0","0","0","1","0","0","0","0","100","0","0","0","0","0","0.4","50","50","0.05","-0.12","0.05","0.02","1","0.06","0","0.03","1","0.1","0.125","0.1","0.05","1","0.05","1","0.05","1","80e53eeb-500b-4229-a3fd-cc84bce61a69"
"behr_sniper_ballistic_single_01","2","15","0.1","0","0","0","0","0","0","0","0","0","0","","0","0","0","1.43","1","3","3","1","1","1","1","1","1","0","-0.14","0.002","-0.3","-0.3","-0.003","0.3","0","0.003","0","1","0.01","0","0.0006","0","2","3","1","-0.5","-1.5","-1","5","1.5","1","0","0","0.1","1","0.1","1","3","3","3","0","0.1","1","1","0","0","1","1","0","0","1","1","3","3","3","0","1","1","1","0","0.1","1","1","0","0.25","1","1","0","0.43","0.135","0","0","0","0","0","0","0","0","0","0","0","0","0","0.44","1.55","0","1","0.09","0.2","1.5","1.5","-23","-3","0","23","90","0","0.1","0.2","0","0.012","5","3","0.009","0.005","2","7","15","5","3","5","1","0","1","0","1","0","0","0","0","0","0","0","0","0","0","1.5","50","45","-0.35","-0.5","-0.35","0.1","1","0.1","0","0.1","0","1","4","1","0.33","1","1","1","0.33","1","7f5f3c5c-226e-40c3-a224-173959fd0176"
"ksar_sniper_ballistic_single","2","15","0.1","0","0","0","0","0","0","0","0","0","0","","0","0","0","0.85","1","0.35","0.77","1","1","1","1","1","1","0","-0.8","0","-0.3","-0.08","-0.003","0.3","0","0.003","0","1","0.01","0","0","0","0.4","0.3","0.3","-0.5","0.25","-0.2","0.95","0.25","0.2","0.15","0","0.5","1","0","1","1","1","1","0","0.1","1","1","0","0","1","1","0","0","1","1","1","1.85","1","0","1","1","1","0","0.1","1","1","0","0.25","1","1","0","0.125","0.175","0","0","0","20","20","0","0","0","0","0","0","0","0","0.01","2","4","1","0.09","0.2","1.8","1.45","-23","-3","0","23","5","0","0","0.03","0","0.012","5","3","0.009","0.005","2","7","15","5","3","5","1","0","0","0","1","0","0","0","0","100","0","0","0","0","0","0.4","50","500","0.05","0.2","0.05","0","1","0","0","0","1","0.2","0.25","0.2","0.05","1","0.05","1","0.05","1","08a92768-97e0-44cf-8b52-f9052767f561"
"gmni_lmg_ballistic_01_rapid","0","0","0","0","0","0","0","0","0","0","0","0","0","","0","0","0","0.053","1","0.4","1.5","1","1","1","1","1","1","-0.0025","-0.024","-0.0004","-0.0025","-0.024","-0.003","0.0025","0.01","0.003","0","1","0.01","0","0.0001","1","0.55","3","0.125","-0.1","-4","-1.35","0.95","4","2.5","0","0","0","1","0","1","1","1","1","0.0002","0.1","1","1","0.01","0.2","1","1","0.0002","0.5","1","0","1.35","1","1","0.6","0","1","0","0.4","0.2","1","1","0.086","0.25","1","1","0","0.3","0.17","0","0","0","20","20","0","0","0","0","0","0","0","0","0.125","0.25","0","3","0.4","0.13","2.5","3","-46","-5","0","46","26","2","0.04","0.05","0","0.0025","0.8","3","0.009","0","1","3","0","0","0","0","0","0","0","0","1","0","0","0","0","0","0","0","0","0","0","1","50","50","0.035","0.03","0.035","0.02","1","0.01","0","0.01","0","0.2","0.2","0.175","0.02","1","0.05","1","0.02","1","5141dba7-2401-4763-bec0-1a1de0cfa856"
"gmni_pistol_ballistic_01_rapid","2","15","0.1","0","0","0","0","0","0","0","0","0","0","","0","0","0","0.07","1","0.44","0.66","1","1","1","1","1","1","0.0015","-0.015","-0.00082","-0.3","-0.09","-0.003","0.3","0","0.003","0.0005","1","0.0025","0","0.0001","1","0.75","0.35","1.2","-0.5","-2","-2","4","2","2","0.4","0","0.2","1","0.4","1","1","1","1","0.0002","0.1","1","1","0","0","1","1","0","0","1","1","1","1.85","1","1.44","0.33","1","1","0.8","0.5","1","0","0.3","0.4","1","1","0","0","0","0","0","0","20","20","0","0","0","0","0","0","0","0","0.1","0.19","0","3","0.09","0.13","1","1.75","-46","-5","0","46","12","2","0.04","0.03","0","0.005","8","5","0.007","0.007","7","7","15","5","3","5","1","0.2","1","0","1","0","0","0","0","0.6","0.6","0.05","0.44","0.44","0.1","0","0","0","0","0","0","0","0","0","0","0","0","0","0","0","0","0","0","0","0","0","5a085ac0-0cb5-4c8d-b3e8-5c146127030e"
"gmni_pistol_ballistic_01_single","1","4","0","1","1","0","0","1","0","0","0","1","0","","0","0","0","0","0","0","0","1","1","1","1","1","1","0","0","0","0","0","0","0","0","0","0","0","0","0","0","0","0","0","0","0","0","0","0","0","0","0","0","0","0","0","0","1","1","1","0","0","1","1","0","0","1","1","0","0","1","1","1","1","1","0","0","1","1","0","0","1","1","0","0","1","1","0","0","0","0","0","0","20","20","0","0","3","30","0.75","0.75","0.75","0.75","0","0","0","0","0","0","0","0","-15","-15","0","15","15","0","0","0","0","0.005","8","5","0.007","0.007","7","7","14","3","1","0.05","0","0","1","1","1","0","0","0","0","0","0","0","0","1","0","0","0","0","0","0","0","0","0","0","0","0","0","0","0","0","0","0","0","0","0","0","b239c9a4-f681-4ff0-baa9-798e84518d22"
"gmni_rifle_ballistic_01_burst","8","8","0.03","3","1.3","0.8","1","1","0","0.5","10","5","2","","0","0","0","0","0","0","0","1","1","1","1","1","1","0","0","0","0","0","0","0","0","0","0","0","0","0","0","0","0","0","0","0","0","0","0","0","0","0","0","0","0","0","0","1","1","1","0","0","1","1","0","0","1","1","0","0","1","1","1","1","1","0","0","1","1","0","0","1","1","0","0","1","1","0","0","0","0.5","0.1","0.05","8","30","0","0","2","25","0.02","1.8","0.01","0.7","0","0","0","0","0","0","0","0","-15","-15","0","15","15","0","0","0","0","0.003","3","5","0.009","0.005","5","7","10","0","1","0.0001","0","0","0","0","0","0","0","0","0","0","0","0","1.2","1.5","0.5","0","0","0","0","0","0","0","0","0","0","0","0","0","0","0","0","0","0","0","0","0","1c1944fc-794d-41ec-a92c-c58016f121d8"
"gmni_rifle_ballistic_01_single","2","15","0.1","0","0","0","0","0","0","0","0","0","0","","0","0","0","0.115","1","0.22","0.75","1","1","1","1","1","1","-0.00064","-0.03","-0.0004","-0.3","-0.03","-0.003","0.3","0","0.003","0","1","0.01","0","0","0","0.08","0.1","0.125","-0.5","-8","-1.35","0.95","8","2.5","0","0","0","1","0","1","1","1.5","1","0","0.1","1","1","0","1","1","0","0","0","1","1","1","1.85","1","0","1","1","1","0","0.1","1","1","0","0.25","1","1","0","0","0","0","0","0","20","20","0","0","0","0","0","0","0","0","0.01","0.3","0","1","0.09","0.1","0.5","1.6","-23","-1","0","23","4","3","0","0.03","0","0.005","2","4","0.009","0.005","5","7","15","5","3","5","1","0","1","0","1","0","0","0","0","0","0","0","0","0","0","0.4","55","45","0.05","-0.33","0.05","0.01","1","0.1","0","0.01","1","0.15","0.15","0.15","0.05","1","0.05","1","0.05","1","eb72a2c6-42de-416c-b3d7-616a2d09a211"
"none_rifle_multi_01_ballistic_shot","2","15","0.1","0","0","0","0","0","0","0","0","0","0","","0","0","0","0.105","1","0.45","0.9","1","1","1","1","1","1","-0.0001","-0.034","0","-0.3","-0.03","-0.003","0.3","0","0.003","0","1","0.01","0","0","0","0.15","0.3","0.15","-0.5","-8","-1.35","0.95","8","2.5","0","0","0","1","0","1","3","1.5","1","0.001","0.5","1","1","0.04","0.6","1","1","0","0","1","1","0.88","1.33","1.33","1","0.7","1","0","1.5","0.3","1","1","0.5","0.4","1","1","0","0","0","0","0","0","20","20","0","0","0","0","0","0","0","0","0.09","0.45","0","1.3","0.15","0.2","0.5","0.6","-15","-16","-16","15","16","16","0.2","0.6","0","0.015","2","4","0.022","0.022","5","7","15","5","3","5","1","0","0","0","1","0","0","0","0","100","0","0","0","0","0","0.3","60","36","0.035","-0.05","0.04","0.01","1","0.01","0","0.01","0","0.125","0.13","0.12","0.014","1","0.025","1","0.014","1","179da3b3-73ab-43c4-9258-8cd4ea6076de"
"none_rifle_multi_01_energy_shot","2","15","0.1","0","0","0","0","0","0","0","0","0","0","","0","0","0","0.09","1","0.75","0.75","1","1","1","1","1","1","-0.00064","-0.018","-0.0004","-0.3","-0.03","-0.003","0.3","0","0.003","0","1","0.01","0","0","0","0.3","0.06","0.1","-0.5","-8","-1.35","0.95","8","2.5","0","0","0","1","0","1","1","1","1","0.0002","0.5","1","1","0","0","1","1","0","0","1","1","1","1.85","1","0.85","0.7","1","0","0.3","0.5","1","1","0.06","0.5","1","1","0","0","0","0","0","0","20","20","0","0","0","0","0","0","0","0","0.09","0.3","0","1","0.09","0.1","1","1.6","-46","-16","-16","46","16","16","0","0.03","0","0.015","2","4","0.009","0.005","5","7","15","5","3","5","1","0","1","0","1","0","0","0","0","0","0","0","0","0","0","0.4","55","45","0.05","-0.33","0.05","0.01","1","0.1","0","0.01","0","0.15","0.15","0.15","0.05","1","0.05","1","0.05","1","7fade57e-bfaf-46c9-8b4b-28f824b0684c"
"gmni_shotgun_ballistic_01_single","0","0","0","0","0","0","0","0","0","0","0","0","0","","0","0","0","0.14","1","0.55","0.75","1","1","1","1","1","1","0","0.012","0","-0.3","-0.032","-0.003","0.3","0","0.003","0","1","0.01","0","0","0","2","0.77","1.33","-0.5","-8","-1.35","1","8","2.5","0.3","0","0.5","1","0.4","1","1","1","1","0","0.5","1","1","0","0","1","1","0","0","1","1","1","1.85","1","0","0.7","1","0","0","0.5","1","1","0","0.5","1","1","0","0.125","0.175","0","0","0","20","20","0","0","0","0","0","0","0","0","0.45","1.75","0","1","0.09","0.3","1.4","2","-23","-3","0","66","25","5","0.04","0.03","0","0.012","5","3","0.009","0.005","2","7","5","1","2","5","55","0","3","1","0","0","0","0","0","0.1","0","0.15","0","0","0","0","0","0","0","0","0","0","0","0","0","0","0","0","0","0","0","0","0","0","0","0","37aead88-1673-48e8-a994-f6773bf3738a"
"none_pistol_ballistic_01_single","0","0","0","0","0","0","0","0","0","0","0","0","0","","0","0","0","0.5","1","0.55","0.75","1","1","1","1","1","1","0.025","-0.08","0.025","-0.3","-0.032","-0.003","0.3","0","0.003","0","1","0.01","0","0","0","9","3","1.33","-0.5","-8","-1.35","1","8","2.5","0.3","0","0.5","1","0.4","1","1","1","1","0","0.5","1","1","0","0","1","1","0","0","1","1","1","1.85","1","0","0.7","1","0","0","0.5","1","1","0","0.5","1","1","0","0.125","0.175","0","0","0","20","20","0","0","0","0","0","0","0","0","0.45","1.75","0","1","0.09","0.3","1.4","2","-23","-3","0","66","25","5","0.04","0.03","0","0.012","5","3","0.009","0.005","2","7","15","5","3","5","1","0","0","0","1","0","0","0","0","100","0","0","0","0","0","1","50","50","0.6","1","0.6","0.02","1","0.01","0","0.01","1","1.3","0.76","1.3","0.02","1","0.05","1","0.02","1","68a8adda-db78-4eef-a749-7cfd8f40ac6f"
"gmni_smg_ballistic_01_rapid","2","15","0.1","0","0","0","0","0","0","0","0","0","0","","0","0","0","0.09","1","0.33","0.66","1","1","1","1","1","1","0","-0.017","0","-0.3","-0.03","-0.003","0.3","0","0.003","0","1","0.0025","0","0","0","0.2","0.6","0.25","-0.5","-8","-0.26","3","8","0.26","0.15","0","0.5","1","0.15","1","2","2","1","0.00015","1","1","1","0.003","0.1","1","1","0","0","1","1","0.88","1.33","1.33","0.4","0.1","1","0","0.35","0.1","1","1","-0.18","0.15","1","0","0","-0.035","0.125","0","0","0","20","20","0","0","0","0","0","0","0","0","0.155","0.14","0","3","0.09","0.13","0.55","0.75","-46","-5","0","46","12","2","0.04","0.06","0","0.0095","3","5","0.005","0.005","5","5","15","5","3","5","1","0","0","0","1","0","0","0","0","100","0","0","0","0","0","0.55","50","75","0.035","0.02","0.025","0.015","1","0.01","0","0.015","1","0.3","0.23","0.05","0.05","1","0.15","1","0.05","1","f5e4d845-bb1b-4f04-877c-9ee8b8945203"
"gmni_sniper_ballstic_01_single","2","15","0.1","0","0","0","0","0","0","0","0","0","0","","0","0","0","0.5","1","3","3","1","1","1","1","1","1","0.001","-0.055","0.001","-0.3","-0.1","-0.003","0.3","0","0.003","0","1","0.01","0","0.0006","0","0.3","0.66","0","-0.5","-1.5","-1","5","1.5","1","0","0","0.1","1","0.1","1","3","3","3","0","0.1","1","1","0","0","1","1","0","0","1","1","3","3","3","0.33","1","1","1","0.04","1","1","1","0.04","1","1","1","0","0","0","0","0","0","0","0","0","0","0","0","0","0","0","0","0.2","0.876","0","1","0.09","0.2","0.88","0.88","-23","-3","0","23","90","0","0.05","0.2","0","0.012","5","3","0.009","0.005","2","7","0","0","0","0","0","0","0","0","0","0","0","0","0","0","0","0","0","0","0","3","11","45","0.03","1","0.015","0.05","1","0.2","0","0.01","1","0.125","0.35","0.02","0.05","1","0.5","1","0.02","1","c7b8a3d1-f084-4340-b5ea-a15d9ae6f2d6"
"klwe_lmg_energy_01_rapid","2","15","0.1","0","0","0","0","0","0","0","0","0","0","","0","0","0","0.1","1","0.56","1","1","1","1","1","1","1","0","-0.01","0","-0.3","-0.055","-0.003","0.3","0.01","0.003","0","1","0","0","0","0","0.05","1","0.135","-0.5","-3.5","-0.15","0.35","3.5","0.15","0","0","0","1","0","1","2","1.77","2","0","0.1","1","1","-0.0015","0.1","1","1","0","0.25","1","1","2","2","2","0.15","0.1","1","1","0.3","0.5","1","1","0","0.25","1","1","0","0.35","0.14","0","0","0","20","20","0","0","0","0","0","0","0","0","-0.13","0.19","0","0.86","0.09","0.13","0.56","1","-12","-12","0","12","12","2","0.06","0.2","0","0.009","3","5","0.009","0.005","5","7","15","5","3","5","1","0","0","0","1","0","0","0","0","100","0","0","0","0","0","0.4","50","35","0.066","-0.16","0.066","0.005","1","0.01","0","0.005","1","0.2","0.73","0.2","0.1","1","0.2","1","0.1","1","7dac206d-fa98-490a-bdf1-253ea607f5b1"
"klwe_pistol_energy_01_single","2","15","0.1","0","0","0","0","0","0","0","0","1","0","","0","0","0","0.082","1","0.35","0.77","1","1","1","1","1","1","-0.0005","-0.043","-0.00125","-0.3","-0.08","-0.003","0.3","0","0.003","0","1","0.01","0","0","0","1.3","0.3","0.3","-0.5","0.25","-0.2","0.95","0.25","0.2","0.15","0","0.5","1","0","1","1","1","1","0.0002","0.1","1","1","0","0","1","1","0","0","1","1","1","1.85","1","0.15","1","1","1","0.3","0.1","1","1","0.06","0.25","1","1","0","0.125","0.175","0","0","0","20","20","0","0","0","0","0","0","0","0","0.01","0.125","0","1","0.09","0.156","0.77","1.45","-23","-3","0","23","5","0","0","0.03","0","0.012","5","3","0.009","0.005","2","7","15","5","3","5","1","0","0","0","1","0","0","0","0","100","0","0","0","0","0","0.4","50","500","0.05","0.2","0.05","0","1","0","0","0","1","0.2","0.25","0.2","0.05","1","0.05","1","0.05","1","6be26e21-8e2d-4a10-86d9-96f4b944a18f"
"klwe_rifle_energy_01_burst_altfire","2","15","0.1","0","0","0","0","0","0","0","0","0","0","","0","0","0","0.068","1","0.22","0.75","1","0.66","1","1","1","1","-0.0005","-0.038","-0.00125","-0.3","-0.038","-0.003","0.3","0","0.003","0","1","0.01","0","0","0","0.22","1","0.125","-0.5","-8","-1.35","0.95","8","2.5","0.15","0","0.5","1","0","1","1","2.25","1","0.0002","0.1","1","1","0","0","1","1","0","0","1","1","1.15","1","0.7","0.15","1","1","1","0.3","0.1","1","1","0.06","0.25","1","1","0","0.125","0.175","0","0","0","20","20","0","0","0","0","0","0","0","0","0.03","0.35","0","1","0.09","0.13","1","1.75","-23","-3","0","23","5","0","0.01","0.01","0.04","0.0065","2","5","0.009","0.005","2","7","15","5","3","5","1","0","0","0","1","0","0","0","0","100","0","0","0","0","0","0.4","50","500","0.05","0.1","0.05","0.01","1","0.05","0","0.01","1","0.2","0.25","0.2","0.05","1","0.05","1","0.05","1","e2e07898-6f3d-4b3b-9fb9-ac2cbcc7be74"
"klwe_rifle_energy_01_burst","2","15","0.1","0","0","0","0","0","0","0","0","0","0","","0","0","0","0.06","1","2","3","1","1","1","1","1","1","-0.0005","-0.03","-0.00125","-0.3","-0.038","-0.003","0.3","0.006","0.003","0","1","0","0","0","0","0.22","1","0.125","-0.5","-8","-1.35","0.95","8","2.5","0.15","0","0.5","1","0","1","1","2","1","0","0.1","1","1","0","0","0","1","0","0","1","1","0.1","1","0.7","0.08","1","1","1","0.3","0.1","1","1","0.06","0.25","1","1","0","0.125","0.175","0","0","0","20","20","0","0","0","0","0","0","0","0","0.005","0.1","0","1","0.09","0.13","1","1.75","-23","-3","0","23","5","0","0","0.01","0","0.0065","2","5","0.009","0.005","2","7","15","5","3","5","1","0","0","0","1","0","0","0","0","100","0","0","0","0","0","0.4","50","500","0.035","0","0.035","0.01","1","0.05","0","0.01","1","0.125","0.185","0.125","0.05","1","0.05","1","0.05","1","d49257c4-1291-4026-97bf-56ea0d209d28"
"klwe_rifle_energy_01_rapid","6","7","0.02","0.8","0.7","0.2","1","0.5","0","1","20","5","0","","0","0","0","0","0","0","0","1","1","1","1","1","1","0","0","0","0","0","0","0","0","0","0","0","0","0","0","0","0","0","0","0","0","0","0","0","0","0","0","0","0","0","0","1","1","1","0","0","1","1","0","0","1","1","0","0","1","1","1","1","1","0","0","1","1","0","0","1","1","0","0","1","1","0","0","0","0.5","0.1","0.075","6.5","20","0","0","0.8","15","0.15","1.5","0.15","1.4","0","0","0","0","0","0","0","0","-15","-15","0","15","15","0","0","0","0","0.006","8","5","0.01","0.006","7","7","9","0","2","0","0","0","0.5","0","0","0","0","0","0","0","0","0","0.25","1.2","0.6","0","0","0","0","0","0","0","0","0","0","0","0","0","0","0","0","0","0","0","0","0","cfbefc2f-6df6-42ec-97c9-9e5a3d98ae28"
"klwe_smg_energy_01_burst","2","15","0.1","0","0","0","0","0","0","0","0","0","0","","0","0","0","0.082","1","0.22","0.75","1","1","1","1","1","1","-0.0008","-0.018","-0.00125","-0.3","-0.032","-0.003","0.3","0","0.003","0","1","0.01","0","0","0","0.77","0.88","0.66","-0.5","-2","-2","0.95","2","2","0.15","0","0.5","1","0","0","1","1","1","0.0002","0.1","1","1","0","0","1","1","0","0","1","1","1","1.85","1","0.15","1","1","1","0.3","0.1","1","1","0.06","0.25","1","1","0","0.125","0.175","0","0","0","20","20","0","0","0","0","0","0","0","0","0.1","0.33","0","1","0.09","0.175","0.77","1.45","-23","-3","0","23","5","0","0.04","0.03","0","0.009","2","5","0.009","0.005","2","7","15","5","3","5","1","0","0","0","1","0","0","0","0","100","0","0","0","0","0","0.4","50","500","0.05","0.06","0.05","0","1","0","0","0","1","0.2","0.25","0.2","0.05","1","0.05","1","0.05","1","6cfad2d8-cacf-461f-85a9-56effe4637e0"
"klwe_sniper_energy_01_single","2","15","0.1","0","0","0","0","0","0","0","0","0","0","","0","0","0","1","1","3","3","1","1","1","1","1","1","0","-0.14","0.0025","-0.3","-0.3","-0.003","0.3","0","0.003","0","1","0.01","0","0.001","0","1","0.75","0.15","-0.5","-1.5","-1","5","1.5","1","0","0","0.1","1","0.1","1","3","3","3","0","0.1","1","1","0","0","1","1","0","0","1","1","3","3","3","0","1","1","1","0","0.1","1","1","0","0.25","1","1","0","0.43","0.135","0","0","0","0","0","0","0","0","0","0","0","0","0","0.1","0.3","0","1","0.09","0.2","1.5","1.5","-23","-3","0","23","90","0","0.1","0.2","0","0.012","5","3","0.009","0.005","2","7","20","0","0","0","0","0","0","0","0","0","0","0","0","0","0","0","0.07","0.32","0.07","0","0","0","0","0","0","0","0","0","0","0","0","0","0","0","0","0","0","0","0","0","4cb21795-8640-4a0e-8fd3-a791735ac7fd"
"ksar_pistol_ballistic_01_Single","2","15","0.1","0","0","0","0","0","0","0","0","0","0","","0","0","0","0.66","0","0.31","0.5","1","1","1","1","1","1","0","0","0","-0.3","-0.18","-0.003","0.3","0","0.003","0.0005","1","0.0025","0","0.0001","0","0","0","0","-0.5","-4","-4","4","4","4","3.5","0","4","1","1","1","1","3","1","0","0","1","1","0","0","1","1","0","0","1","1","1","1","1","0","0","1","0","0","0","1","1","0","0","1","1","0","0","0","0","0","0","20","20","0","0","0","0","0","0","0","0","0.1","0.19","0","3","0.09","0.13","0.2","0.4","-46","-5","0","46","12","2","0.04","0.03","0","0.05","2","5","0.009","0.007","2","7","15","5","3","5","1","0","1","0","1","0","0","0","0","0","0","0","0","0","0","0.4","55","45","0.5","-1","0.5","0.15","1","0.33","0","0.15","1","0.75","0.75","0.75","0.2","1","0.2","1","0.2","1","642662c4-4587-48be-8bbf-95d1438f0934"
"ksar_rifle_energy_01_burst","7","6","0.02","1.1","1","0.5","1","0.3","0","0.5","15","5","2","","0","0","0","0","0","0","0","1","1","1","1","1","1","0","0","0","0","0","0","0","0","0","0","0","0","0","0","0","0","0","0","0","0","0","0","0","0","0","0","0","0","0","0","1","1","1","0","0","1","1","0","0","1","1","0","0","1","1","1","1","1","0","0","1","1","0","0","1","1","0","0","1","1","0","0","0","0.5","0.06","0.02","5","12","0.2","0","25","18","0.1","2","0.1","2","0","0","0","0","0","0","0","0","-15","-15","0","15","15","0","0","0","0","0.003","3","5","0.009","0.005","5","7","19","1","1","0.3","0","0","0.2","1","1","1.5","2","2","2","0","0","0","0.8","1.5","0.4","0","0","0","0","0","0","0","0","0","0","0","0","0","0","0","0","0","0","0","0","0","4e8a3d6c-ac87-49a0-b09e-fe4878e99659"
"ksar_rifle_energy_01_rapid","2","15","0.1","0","0","0","0","0","0","0","0","0","0","","0","0","0","0.09","1","0.45","0.7","1","1","1","1","1","1","-0.00005","-0.03","-0.0004","-0.0015","-0.046","-0.003","0.0015","0.01","0.003","0","1","0.005","0","0.0001","1","0.4","0.12","0.33","-0.5","-0.5","-0.5","1","0.5","1.5","0.065","0","0.05","1","0.125","1","1","1","1","0.0002","0.1","1","1","-0.0166","0.5","1","0","0","0.5","1","1","0.88","1.33","1.33","0.55","0.7","1","0","0.66","0.3","1","1","0.15","0.4","1","1","0","0","0","0","0","0","20","20","0","0","0","0","0","0","0","0","0.05","0.345","0","1","0.09","0.17","1","1.5","-2","-2.5","0","2","6","2","0.015","0.04","0","0.01","3","5","0.009","0.005","5","7","15","5","3","5","1","0","0","0","1","0","0","0","0","100","0","0","0","0","0","0.4","50","500","0.02","0.02","0.015","0.005","1","0.0075","0","0.005","1","0.1","0.125","0.1","0.005","1","0.005","1","0.005","1","10841422-27de-459b-9608-a1898fda48a1"
"ksar_rifle_energy_01_single","2","15","0.1","0","0","0","0","0","0","0","0","0","0","","0","0","0","0.09","1","0.45","0.7","1","1","1","1","1","1","-0.00005","-0.03","-0.0004","-0.0015","-0.046","-0.003","0.0015","0.01","0.003","0","1","0.005","0","0.0001","1","0.2","0.12","0.33","-0.5","-0.5","-0.5","1","0.5","1.5","0.065","0","0.05","1","0.125","1","1","1","1","0.0002","0.1","1","1","-0.0166","0.5","1","0","0","0.5","1","1","0.88","1.33","1.33","0.55","0.7","1","0","0.66","0.3","1","1","0.15","0.4","1","1","0","0","0","0","0","0","20","20","0","0","0","0","0","0","0","0","0.1","0.26","0","1","0.09","0.17","1","1.5","-2","-2.5","0","2","11","2","0.015","0.04","0","0","0","0","0","0","0","0","0","0","0","0","0","0","0","0","0","0","0","0","0","0","0","0","0","0","0","0","0","0","0","0","0","0","0","0","0","0","0","0","0","0","0","0","0","0","0","0","0f780991-bcc5-490b-ab85-ec7224e2985a"
"ksar_shotgun_ballistic_01_single","2","15","0.1","0","0","0","0","0","0","0","0","0","0","","0","0","0","0.35","1","0.22","0.75","1","1","1","1","1","1","-0.0005","-0.036","-0.003","-0.3","-0.032","-0.003","0.3","0","0.003","0.0003","1","0.01","0","0","0","3","1","1","-0.5","-8","-1.35","-0.6","8","2.5","0.15","0","0.5","1","0","1","1","1","1","0.0002","0.1","1","1","0","0","1","1","0","0","1","1","1","1.85","1","0.15","0.33","1","1","0.08","0.05","1","1","0.06","0.05","1","1","0","0.125","0.175","0","0","0","20","20","0","0","0","0","0","0","0","0","1.25","3.25","1","1","0.03","0.17","1.6","2.2","-23","-5","-3","23","12","3","0.04","0.03","0","0.0275","2","5","0.009","0.005","2","7","0","0","0","0","0","0","0","0","0","0","0","0","0","0","0","0","0","0","0","0.3","55","45","0.12","1","0.045","0","1","0","0","0","1","1","2","1","0","1","0","1","0","1","ebd8d80c-a565-46c3-be30-2f3332b70e70"
"ksar_shotgun_energy_01_single","2","15","0.1","0","0","0","0","0","0","0","0","0","0","","0","0","0","0.25","1","0.22","0.75","1","1","1","1","1","1","-0.0005","-0.05","-0.00125","-0.3","-0.05","-0.003","0.3","0","0.003","0","1","0.01","0","0","0","3","2.5","4.51","-0.5","-8","-1.5","0.95","8","1.5","0.15","0","0.5","1","0.35","1","1","1.5","1","0.0002","0.1","1","1","-0.005","1","1","0","0","0","1","1","1","1.85","1","0","1","1","1","0.3","0.1","1","1","0.06","0.25","1","1","0","0.125","0.175","0","0","0","20","20","0","0","0","0","0","0","0","0","0.07","0.19","0","1","0.09","0.13","1","1.75","-23","-3","0","23","5","0","0.04","0.03","0","0.01","1","1","0","0","1","1","15","5","3","5","1","0","0","0","1","0","0","0","0","100","0","0","0","0","0","0.4","50","500","0.12","0.27","0.12","0","1","0","0","0","1","0.9","0.112","0.9","0.03","1","0.03","1","0.03","1","af4471e4-b8b5-44f4-8972-39c80a6b7c73"
"none_shotgun_ballistic_01_single","0","0","0","0","0","0","0","0","0","0","0","0","0","","0","0","0","0","0","0","0","1","1","1","1","1","1","0","0","0","0","0","0","0","0","0","0","0","0","0","0","0","0","0","0","0","0","0","0","0","0","0","0","0","0","0","0","1","1","1","0","0","1","1","0","0","1","1","0","0","1","1","1","1","1","0","0","1","1","0","0","1","1","0","0","1","1","0","0","0","0","0","0","0","0","0","0","0","0","0","0","0","0","0","0","0","0","0","0","0","0","-15","-15","0","15","15","0","0","0","0","0","0","0","0","0","0","0","0","0","0","0","0","0","0","0","0","0","0","0","0","0","0","0","0","0","0","0","0","0","0","0","0","0","0","0","0","0","0","0","0","0","0","0","0","0","0","0","4dd336e6-b7d4-46db-a2e6-7bd25708e614"
"ksar_smg_energy_01_burst","2","15","0.1","0","0","0","0","0","0","0","0","0","0","","0","0","0","0.068","1","0.35","0.55","1","1","1","1","1","1","0","-0.022","0","-0.003","-0.0325","-0.003","0.003","0","0.003","0.0006","1","0","0","0.0012","1","0.02","0.05","0.3","-0.5","-8","-0.5","0.7","8","0.5","0.05","0","1","1","0.2","1","1","1.55","1","0.00005","0.1","1","1","0.0025","0.1","1","1","0","0","1","1","1","1.09","1.15","0.45","0.3","1","1","0.25","0.75","1","1","0.3","0.25","1","1","0","0.08","0.2","0","0","0","20","20","0","0","0","0","0","0","0","0","0.1","0.08","0","1.75","0.09","0.13","0.3","0.6","-15","-5","-4","23","12","4","0.04","0.025","0","0.005","3","5","0.005","0.005","5","5","15","5","3","5","1","0","0","0","1","0","0","0","0","100","0","0","0","0","0","0.4","44","35","0.0425","-0.3","0.0425","0.02","1","0","0","0.02","1","0.23","0.15","0.23","0.05","1","0.05","1","0.05","1","29bd6d59-4efa-499d-abc4-778d586b399f"
"ksar_smg_energy_01_rapid","2","15","0.1","0","0","0","0","0","0","0","0","0","0","","0","0","0","0.068","1","0.35","0.55","1","1","1","1","1","1","0.0005","-0.022","-0.0008","-0.003","-0.0325","-0.003","0.003","0","0.003","0.0006","1","0","0","0.0012","1","0.5","0.2","0.3","-0.5","-8","-0.5","0.7","8","0.5","0.05","0","1","1","0.2","1","1","1.55","1","0.00005","0.1","1","1","0.0025","0.1","1","1","0","0","1","1","0.75","1.09","1.15","0.45","0.3","1","1","0.25","0.75","1","1","0.3","0.25","1","1","0","0.08","0.2","0","0","0","20","20","0","0","0","0","0","0","0","0","0.185","0.12","0","1.75","0.09","0.13","0.3","0.6","-15","-5","-4","23","12","4","0.04","0.025","0","0.009","3","5","0.009","0.005","5","7","15","5","3","5","1","0","0","0","1","0","0","0","0","100","0","0","0","0","0","0.4","44","35","0.0425","-0.3","0.0425","0.02","1","0","0","0.02","1","0.23","0.15","0.23","0.05","1","0.05","1","0.05","1","9b50f9c8-4693-4f56-8439-3effead65af8"
"ksar_sniper_ballistic_01_single","2","15","0.1","0","0","0","0","0","0","0","0","0","0","","0","0","0","0.85","1","0.35","0.77","1","1","1","1","1","1","0.0005","-0.05","0.001","-0.3","-0.08","-0.003","0.3","0","0.003","0","1","0.01","0","0","0","0","0.075","0.075","-0.5","0.25","-0.2","0.95","0.25","0.2","0.15","0","0.5","1","0","1","1","1","1","0","0.1","1","1","0","0","1","1","0","0","1","1","1","1.85","1","0","1","1","1","0","0.1","1","1","0","0.25","1","1","0","0.125","0.175","0","0","0","20","20","0","0","0","0","0","0","0","0","0.01","0.2","1","1","0.09","0.2","0.77","0.88","-23","-3","0","23","5","0","0","0.03","0","0.012","5","3","0.009","0.005","2","7","15","5","3","5","1","0","0","0","1","0","0","0","0","100","0","0","0","0","0","0.4","50","500","0.05","0.2","0.05","0","1","0","0","0","1","0.2","0.25","0.2","0.05","1","0.05","1","0.05","1","0a83a187-1f07-4264-b074-e5d63684d5ff"
"lbco_pistol_energy_01_single","0","0","0","0","0","0","0","0","0","0","0","0","0","","0","0","0","0","0","0","0","1","1","1","1","1","1","0","0","0","0","0","0","0","0","0","0","0","0","0","0","0","0","0","0","0","0","0","0","0","0","0","0","0","0","0","0","1","1","1","0","0","1","1","0","0","1","1","0","0","1","1","1","1","1","0","0","1","1","0","0","1","1","0","0","1","1","0","0","0","0","0","0","1","7","0.05","0","5","30","0.5","0.6","0.5","0.6","0","0","0","0","0","0","0","0","-15","-15","0","15","15","0","0","0","0","0.005","8","5","0.01","0.005","7","7","0","0","0","0","0","0","0","0","0","0","0","0","0","0","0","0","0","0","0","0","0","0","0","0","0","0","0","0","0","0","0","0","0","0","0","0","0","0","0","0","320461fa-501a-40bb-ac4c-554f74a39d49"
"lbco_sniper_energy_01_single","1","1","0","0","0","0","0","1","0","0","0","1","0","","0","0","0","0","0","0","0","1","1","1","1","1","1","0","0","0","0","0","0","0","0","0","0","0","0","0","0","0","0","0","0","0","0","0","0","0","0","0","0","0","0","0","0","1","1","1","0","0","1","1","0","0","1","1","0","0","1","1","1","1","1","0","0","1","1","0","0","1","1","0","0","1","1","0","0","0","0","0","0","20","20","0","0","0","0","0","0","0","0","0","0","0","0","0","0","0","0","-15","-15","0","15","15","0","0","0","0","0","1","1","0","0","1","1","0","0","0","0","0","0","0","0","0","0","0","0","0","0","0","0","0","0","0","0","0","0","0","0","0","0","0","0","0","0","0","0","0","0","0","0","0","0","0","0","1e7bfd21-310a-480a-aa69-9e20b0c95564"
"none_smg_energy_01_rapid","2","15","0.1","0","0","0","0","0","0","0","0","0","0","","0","0","0","0.06","1","1","1","1","1","1","1","1","1","0.00005","-0.022","-0.0001","-0.003","-0.0325","-0.003","0.003","0","0.003","0","1","0","0","0","1","0.5","0.2","0.3","-0.5","-8","-0.5","0.7","8","0.5","0","0","0","1","0","1","1","1.55","1","0","0.1","1","1","0","0.1","1","1","0","0","1","1","0.75","1.09","1.15","0.45","0.3","1","1","0.25","0.75","1","1","0.3","0.25","1","1","0","0.08","0.2","0","0","0","20","20","0","0","0","0","0","0","0","0","0.1","0.08","0","1.75","0.09","0.13","0.3","0.6","-15","-5","-4","23","12","4","0.04","0.025","0","0.0025","2","5","0.08","0.005","2","7","15","5","3","5","1","0","0","0","1","0","0","0","0","100","0","0","0","0","0","0.4","44","35","0.0425","-0.3","0.0425","0.02","1","0","0","0.02","1","0.23","0.15","0.23","0.05","1","0.05","1","0.05","1","96f99fa2-7153-40fa-9c29-480672bb8e46"
"none_special_ballistic_01_single","2","15","0.1","0","0","0","0","0","0","0","0","0","0","","0","0","0","1.43","1","3","3","1","0.05","1","1","1","1","0","-0.125","0.04","-0.3","-0.3","-0.003","0.3","0","0.003","0","1","0.01","0","0.0006","0","4","8","8","-0.5","-15","-15","5","1","1","0","0","0.1","1","0.1","0","3","3","3","0","0.1","1","1","0","0","1","1","0","0","1","1","3","3","3","0","1","1","1","0","0.1","1","1","0","0.25","1","1","0","0.43","0.135","0","0","0","20","20","0","0","3","30","0.75","0.75","0.75","0","0","0","0","0","0","0","0","0","-15","-15","0","15","15","0","0","0","0","0.2","5","3","0.1","0.1","2","7","15","5","3","5","1","0","1","0","1","0","0","0","0","0","0","0","0","0","0","1.6","50","45","-2","-3","-2","0.1","1","0.1","0","0.1","0","3","4","3","0.33","1","1","1","0.33","1","7f76a749-3427-4e7f-847b-63ae21af4e24"
"klwe_laserrepeater_s1_atls_rapid","0","0","0","0","0","0","0","0","0","0","0","0","0","","0","0","0","0.053","1","0.4","1.5","1","1","1","1","1","1","-0.0025","-0.024","-0.0004","-0.0025","-0.024","-0.003","0.0025","0.01","0.003","0","1","0.01","0","0.0001","1","0.55","3","0.125","-0.1","-4","-1.35","0.95","4","2.5","0","0","0","1","0","1","1","1","1","0.0002","0.1","1","1","0.01","0.2","1","1","0.0002","0.5","1","0","1.35","1","1","0.6","0","1","0","0.4","0.2","1","1","0.086","0.25","1","1","0","0.3","0.17","0","0","0","20","20","0","0","0","0","0","0","0","0","0.125","0.25","0","3","0.4","0.13","2.5","3","-46","-5","0","46","26","2","0.04","0.05","0","0.006","2","3","0.01","0.007","1","3","0","0","0","0","0","0","0","0","1","0","0","0","0","0","0","0","0","0","0","1","50","50","0.035","0.07","0.035","0.02","1","0.01","0","0.01","0","0.2","0.2","0.175","0.02","1","0.05","1","0.02","1","a267d8bb-e8a2-41f5-8bc0-b2fdd143af51"
"volt_pistol_energy_01_rapid","0","0","0","0","0","0","0","0","0","0","0","0","0","","0","0","0","0.1","1","0.44","0.66","1","1","1","1","1","1","0.0008","-0.0385","-0.0004","-0.004","-0.055","-0.003","0.004","0","0.003","0.0005","1","0.005","0","0.0001","1","1","0.9","0.55","-0.5","-2","-2","4","2","2","0.4","0","0","1","0","1","1","1","1","0.0002","0.1","1","1","0","0","1","1","0","0","1","1","1","1.85","1","1.4","0.33","1","1","0.8","0.5","1","0","0.3","0.4","1","1","0","0.075","0.135","0","0","0","20","20","0","0","0","0","0","0","0","0","0.1","0.19","0","3","0.09","0.13","1","1.75","-46","-5","0","46","12","2","0.04","0.03","0","0.005","1","2","0.005","0.005","2","2","15","5","3","5","1","0","0","0","1","0","0","0","0","100","0","0","0","0","0","0.4","25","500","0.05","0.06","0.05","0.005","1","0","0","0.005","1","0.044","0.05","0.044","0.0125","1","0.0125","1","0.0125","1","fb6225cd-8691-480c-8993-9f04da78a904"
"volt_pistol_energy_01_single","1","1","0","0","0","0","0","1","0","0","0","1","0","","0","0","0","0","0","0","0","1","1","1","1","1","1","0","0","0","0","0","0","0","0","0","0","0","0","0","0","0","0","0","0","0","0","0","0","0","0","0","0","0","0","0","0","1","1","1","0","0","1","1","0","0","1","1","0","0","1","1","1","1","1","0","0","1","1","0","0","1","1","0","0","1","1","0","0","0","0","0","0","20","20","0","0","3","30","0.75","0.75","0.75","0.75","0","0","0","0","0","0","0","0","-15","-15","0","15","15","0","0","0","0","0.01","1","1","0","0","1","1","0","0","0","0","0","0","0","0","0","0","0","0","0","0","0","0","0","0","0","0","0","0","0","0","0","0","0","0","0","0","0","0","0","0","0","0","0","0","0","0","29b79c71-ec1b-4ac9-b446-3607ae41db6d"
"volt_rifle_energy_01_beam","2","15","0.1","0","0","0","0","0","0","0","0","0","0","","0","0","0","0.094","1","0.5","0.6","1","1","1","1","1","1","0.0005","-0.02","0.02","-0.001","-0.035","-0.02","0.001","0","0.02","0","1","0.0005","0","0.001","1","0.1","0.6","0.05","-0.4","-0.8","-0.15","0.4","0.8","0.15","0","1","0","1","0","1","1","1","1","0","0.5","0","1","2","1","0","1","0","0","0","1","1","1.22","1.8","-0.5","0.7","0","0","1","0.5","0","1","0.1","0.5","0","1","0","0.55","0.175","0","0","0","20","20","0","0","0","0","0","0","0","0","0.05","0.2","0","0.1","1","0.13","1","1.3","-12","-12","0","12","12","2","0","0","0","0.003","3","5","0.009","0.005","5","7","15","5","3","5","1","0","0","1","0","0","0","0","0","100","0","0","0","0","0","0.4","20","20","0.02","-0.3","0.02","0","1","0","0","0","1","0.05","0.9","0.05","0.02","1","0.01","1","0.01","1","28995dc5-e2ba-4e6d-9190-e403a1489f31"
"volt_rifle_energy_01_rapid","2","15","0.1","0","0","0","0","0","0","0","0","0","0","","0","0","0","0.08","1","2.2","3","1","1","1","1","1","1","0","-0.0189","-0.0001","-0.3","-0.025","-0.003","0.3","0","0.003","0","1","0","0","0","0","0.05","0.005","0","-0.5","-5","-0.5","0.75","8","0.5","0","0","0","1","0","1","1","1","1","0","0","1","1","0","0","1","1","0","0","1","1","1","1","1","0","0","1","1","0","0","1","1","0","0","1","1","0","0.55","0.175","0","0","0","20","20","0","0","0","0","0","0","0","0","0","0","0","1","0.09","0.13","1","1.75","-23","-3","0","23","5","0","0","0","0","0.003","3","5","0.009","0.005","5","7","15","5","3","5","1","0","0","0","1","0","0","0","0","100","0","0","0","0","0","0.4","75","25","0.05","-0.2","0.05","0.02","1","0","0","0.025","1","0.125","0.4","0.125","0.1","1","0.1","1","0.1","1","6bedbacb-4109-4f45-b7b8-4e3b09696d4a"
"volt_shotgun_energy_01_single_post_heat","0","0","0","0","0","0","0","0","0","0","0","0","0","","0","0","0","0.13","1","0.55","0.75","1","1","1","1","1","1","0.0003","-0.052","0.0002","-0.3","-0.08","-0.003","0.3","0","0.003","0.0001","1","0.006","0","-0.00006","0","1.8","5","1","-3","-8","-1.35","3","8","2.5","0","0","0","1","0","1","1","1","1","0","0.5","1","1","0","0","1","1","0","0","1","1","1","1.85","1","0","0.7","1","0","0","0.5","1","1","0","0.5","1","1","0","0.125","0.175","0","0","0","20","20","0","0","0","0","0","0","0","0","0.3","1","1","1","0.09","0.3","1.2","1.6","-23","-3","0","66","25","5","0.04","0.03","0","0.036","2","3","0.03","0.005","2","7","15","5","3","5","1","0","0","0","1","0","0","0","0","100","0","0","0","0","0","1","50","50","0.035","1","0.035","0.02","1","0.01","0","0.01","1","0.2","0.76","0.175","0.02","1","0.05","1","0.02","1","89b17b8d-012a-405c-88e9-6e82b91389c4"
"volt_shotgun_energy_01_single_preheat","2","15","0.1","0","0","0","0","0","0","0","0","0","0","","0","0","0","0.09","1","0.2","0.4","1","1","1","1","1","1","-0.002","-0.05","-0.0005","-0.3","-0.07","-0.003","0.3","0.1","0.003","0","1","0","0","0","0","0.4","2","0.125","-0.5","-8","-1.35","0.75","8","2.5","0.3","0","0","1","0","1","1.85","3","1","0","0","1","1","0","0","1","1","0","0","1","1","1.33","2","2","0","0","1","1","0","0","1","1","0","0","1","1","0","0.125","0.175","0","0","0","20","20","0","0","0","0","0","0","0","0","0.1","0.19","0","3","0.09","0.13","0.2","0.4","-46","-5","0","46","12","2","0.04","0.03","0","0.025","2","4","0.03","0.03","3","4","15","5","3","5","1","0","0","0","1","0","0","0","0","100","0","0","0","0","0","0.4","25","25","0.18","-0.8","0.18","0","1","0","0","0","1","0.4","0.5","0.4","0.1","1","0.1","1","0.1","0","baffe106-a3c5-4432-b9e6-32fa506a5429"
"none_smg_energy_01_rapid","2","15","0.1","0","0","0","0","0","0","0","0","0","0","","0","0","0","0.07","1","0.44","0.66","1","1","1","1","1","1","0.001","-0.0035","0.001","-0.3","-0.035","0.003","0.3","0","0.3","0","1","0.009","0","0","1","0.5","0.33","0.5","-0.5","-2","-2","4","2","2","0.1","0","0","1","0.2","1","0.55","0.33","0.44","0","0.1","1","1","0","0","1","1","0","0","1","1","1","1.85","1","1","0.33","1","1","0.33","0.5","0","0","0.33","0.4","0","1","0","0","0","0","0","0","20","20","0","0","0","0","0","0","0","0","0.07","0.19","0","1","0.09","0.13","1","1","-23","-3","0","23","4","0","0.04","0.03","0","0","0","5","0","0","0","7","15","5","3","5","1","0","0","0","1","0","0","0","0","100","0","0","0","0","0","0.4","50","0","0.008","0.02","0.008","0.006","1","0.005","0","0.006","1","0.05","0.03","0.03","0.008","1","0.01","1","0.01","1","90f31005-54e5-4338-a627-54b28052da1a"
"volt_lmg_energy_01_parallel","6","15","0.02","1","1","1.25","0","1","1","1","5","5","0","","0","0","0","0","0","0","0","1","1","1","1","1","1","0","0","0","0","0","0","0","0","0","0","0","0","0","0","0","0","0","0","0","0","0","0","0","0","0","0","0","0","0","0","1","1","1","0","0","0","0","0","0","0","0","0","0","0","0","1","1","1","0","0","0","0","0","0","0","0","0","0","0","0","0","0","0","0.5","0.8","0.7","0","15","0.01","0","25","25","0","0.5","0","1","0","0","0","0","0","0","0","0","-15","-15","0","15","15","0","0","0","0","0.01","1","1","0","0","1","1","22","1","8","0.5","0.2","0.3","1.5","0","0","0","0","0","0","0.25","2","0.4","0.5","1","1","0","0","0","0","0","0","0","0","0","0","0","0","0","0","0","0","0","0","0","0","0","c770c3de-f678-4516-8e16-9c08003a7ca4"
"volt_lmg_energy_01_rapid","20","20","0.02","1","1","0.6","0","1","1","1","5","5","0","","0","0","0","0","0","0","0","1","1","1","1","1","1","0","0","0","0","0","0","0","0","0","0","0","0","0","0","0","0","0","0","0","0","0","0","0","0","0","0","0","0","0","0","1","1","1","0","0","0","0","0","0","0","0","0","0","0","0","1","1","1","0","0","0","0","0","0","0","0","0","0","0","0","0","0","0","0.5","0","0","0","0","0","0","22","22","0","0","0","0","0","0","0","0","0","0","0","0","-15","-15","0","15","15","0","0","0","0","0.003","3","50","0.009","0.005","50","7","0","0","0","0","0","0","0","0","0","0","0","0","0","0","0","0","0","0","0","1","50","50","0.07","0.05","0.07","0.025","1","0.02","0","0.02","1","0.4","0.4","0.3","0.02","1","0.05","1","0.02","1","890cb011-8176-4666-9f63-f6987222033d"
"volt_smg_energy_01_beam","2","15","0.1","0","0","0","0","0","0","0","0","0","0","","0","0","0","0.1","1","0.4","0.4","1","1","1","1","1","1","0.0005","-0.035","0.02","-0.001","-0.035","-0.02","0.001","0","0.02","0","0","0.0005","0","0.001","1","0.1","2","0.1","-0.33","-2","-0.22","0.33","2","0.22","0","1","0","1","0","1","1","3","1","0","0.5","0","1","-2","1","0","1","0","0","0","1","3","3","1.8","-0.1","0.7","0","0","1","0.5","0","1","0.1","0.5","0","1","0","0.55","0.175","0","0","0","20","20","0","0","0","0","0","0","0","0","0.2","1","4","0.2","1","0.13","1","1.3","-12","-12","0","12","12","2","0","0","0","0.01","3","5","0.009","0.005","3","7","15","5","3","5","1","0","0","0","1","0","0","0","0","100","0","0","0","0","0","0.4","20","100","0.02","-0.3","0.02","0","1","0","0","0","1","0.05","1","0.3","0.02","1","0.01","1","0.01","1","a06ebb7d-14f9-4cd4-8e00-bf6cd61bc284"
"volt_sniper_energy_01_single","2","15","0.1","0","0","0","0","0","0","0","0","0","0","0","0","0","0","0.245","0.1","0.1","0.5","1","1","1","1","1","1","0.0005","-0.05","0.001","-0.3","-0.5","-0.003","0.3","0","0.003","0","1","0.003","0","0","0","0.5","0.77","0.25","-0.5","-1.5","-1","5","1.5","1","0","0","0.1","1","0.1","1","1","3","1","0","0.1","0","1","0","1","0","1","0","0","1","1","1.5","2","1.5","0","1","0","1","0.05","1","0","1","0","1","0","1","0","0.43","0.175","0","0","0","0","0","0","0","0","0","0","0","0","0","0.02","0.16","0","1","0.09","0.2","1.5","1.5","-23","-3","0","23","90","0","0.1","0.2","0","0.012","5","3","0.009","0.005","2","7","15","5","3","5","1","0","1","0","1","0","0","0","0","0","0","0","0","0","0","1.6","25","45","-0.005","-0.3","-0.05","0.005","1","0.025","0","0.025","0","0.05","0.05","0.05","0.01","1","0.01","1","0.01","1","626be883-8942-4c83-8e9c-1ad58d152fa1"
"behr_glauncher_ballistic_01_ads_modifiers","1","1","1","1","1","0.3","1","0.5","0.5","0.5","0.3","0.5","0.5","0","1","1","1","1","1","1","1","1","1","1","1","1","1","1","1","1","1","1","1","1","1","1","1","1","1","1","1","1","1","1","1","1","1","1","1","1","1","1","1","1","1","1","1","1","1","1","1","1","1","1","1","1","1","1","1","1","1","1","1","1","1","1","1","1","1","1","1","1","1","1","1","1","1","1","1","1","1","0.3","0.5","0.3","1","1","1","1","0.5","0.75","0.3","0.75","0.3","1","1","1","1","1","1","1","1","1","1","1","1","1","1","1","1","1","1","1","1","1","1","1","1","1","1","1","1","1","1","1","0","1","1","1","1","1","1","1","1","0.7","0.7","0.5","1","1","1","1","1","1","1","1","1","1","1","1","1","1","1","1","1","1","1","1","1","72d250d9-ccc9-4a39-8ccd-acd2ac286bbe"
"behr_lmg_ballistic_01_ads_modifiers","1","0.1","0.5","0.8","0.8","0.1","1","0","0","1","0","0","0","0","1","1","1","1","1","1","1","1","1","1","1","1","1","1","1","1","1","1","1","1","1","1","1","1","1","1","1","1","1","1","1","1","1","1","1","1","1","1","1","1","1","1","1","1","1","1","1","1","1","1","1","1","1","1","1","1","1","1","1","1","1","1","1","1","1","1","1","1","1","1","1","1","1","1","1","1","1","0.75","0.75","0.75","0.75","1","1","0.6","0.8","0.75","0.6","0.75","0.6","1","1","1","1","1","1","1","1","1","1","1","1","1","1","1","1","1","1","1","1","1","1","1","1","1","1","1","1","1","1","1","0","1","1","1","1","1","1","1","1","1","0.5","1","1","1","1","1","1","1","1","1","1","1","1","1","1","1","1","1","1","1","1","1","1","e73a6679-6be8-44ab-9ba0-d2cf0e7c5e87"
"behr_rifle_ballistic_01_ads_modifiers","1","1","1","1","1","0.3","1","0.5","0.5","0.5","0.3","0.5","0.5","0","1","1","1","1","1","1","1","1","1","1","1","1","1","1","1","1","1","1","1","1","1","1","1","1","1","1","1","1","1","1","1","1","1","1","1","1","1","1","1","1","1","1","1","1","1","1","1","1","1","1","1","1","1","1","1","1","1","1","1","1","1","1","1","1","1","1","1","1","1","1","1","1","1","1","1","1","1","0.3","0.5","0.3","1","1","1","1","0.5","0.75","0.3","0.75","0.3","1","1","1","1","1","1","1","1","1","1","1","1","1","1","1","1","1","1","1","1","1","1","1","1","1","1","1","1","1","1","1","0","1","1","1","1","1","1","1","1","0.7","0.7","0.5","1","1","1","1","1","1","1","1","1","1","1","1","1","1","1","1","1","1","1","1","1","e5e08f1c-3afd-4802-a9b6-d5a87f2177cc"
"behr_rifle_ballistic_02_civilian_idle_modifiers","1","1","1","1","1","1","1","1","1","1","1","1","1","0","1","1","1","1.2","1","1","1","1","1","1","1","1","1","6","1","15","20","20","20","20","20","20","1","1","1","1","1","1","5","2","5","20","20","20","20","20","20","1","1","1","1","1","1","1","1","1","1","1","1","1","1","1","1","1","1","1","1","1","1","1","1","1","1","1","1","1","1","1","1","1","1","1","1","1","1","1","1","1","1","1","1","1","1","1","1","1","0.75","1","0.75","0","0.05","0","1","1","1","1","1","1","1","1","1","1","1","1","1","1","3","1","1","1","1","1","1","1","1","1","1","1","1","1","0","1","1","1","1","1","3","3","3","3","3","3","1","1","1","2","3","2","1","1","1","1","1","1","3","3","3","1","1","1","1","1","1","01a32f03-7edb-454d-82ad-a5c2280f100a"
"behr_rifle_ballistic_03_ads_modifiers","1","1","1","1","1","1","1","1","1","1","1","1","1","0","1","1","1","1","1","1","1","1","1","1","1","1","1","1","1","1","1","1","1","1","1","1","1","1","1","1","1","1","1","1","1","1","1","1","1","1","1","1","1","1","1","1","1","1","1","1","1","1","1","1","1","1","1","1","1","1","1","1","1","1","1","1","1","1","1","1","1","1","1","1","1","1","1","1","1","1","1","1","1","1","1","1","1","1","1","1","0.75","1","0.75","1","1","1","1","1","1","1","1","1","1","1","1","1","1","1","1","1","1","1","1","1","1","1","1","1","1","1","1","1","1","1","0","1","1","1","1","1","1","1","1","1","0.5","1","1","1","1","1","1","1","1","1","1","1","1","1","1","1","1","1","1","1","1","1","1","6dc47c46-f93a-4f10-a432-34c192a02ad0"
"behr_rifle_ballistic_03_idle_modifiers","1","1","1","1","1","1","1","1","1","1","1","1","1","0","1","1","1","1","1","1","1","1","1","1","1","1","1","1","1","1","1","1","1","1","1","1","1","1","1","1","1","1","1","1","1","1","1","1","1","1","1","1","1","1","1","1","1","1","1","1","1","1","1","1","1","1","1","1","1","1","1","1","1","1","1","1","1","1","1","1","1","1","1","1","1","1","1","1","1","1","1","1","1","1","1","1","1","1","1","1","0.75","1","0.75","1","1","1","1","1","1","1","1","1","1","1","1","1","1","1","1","1","1","1","1","1","1","1","1","1","1","1","1","1","1","1","0","1","1","1","1","1","1","1","1","1","1","1","1","1","1","1","1","1","1","1","1","1","1","1","1","1","1","1","1","1","1","1","1","8660d753-009d-4442-9889-7ef42060967b"
"behr_shotgun_ballistic_01_ads_modifiers","1","1","1","1","0.6","0.2","1","0.6","0.6","0.6","0.2","0.6","0.6","0","1","1","1","1","1","1","1","1","1","1","1","1","1","1","1","1","1","1","1","1","1","1","1","1","1","1","1","1","1","1","1","1","1","1","1","1","1","1","1","1","1","1","1","1","1","1","1","1","1","1","1","1","1","1","1","1","1","1","1","1","1","1","1","1","1","1","1","1","1","1","1","1","1","1","1","1","1","0.5","0.5","0.6","0.5","1","0.7","0.7","0.5","0.5","0.5","0.5","0.5","1","1","1","1","1","1","1","1","1","1","1","1","1","1","1","1","1","1","1","1","1","1","1","1","1","1","1","1","1","1","1","0","1","1","1","1","1","1","1","1","0.8","0.5","0.6","1","1","1","1","1","1","1","1","1","1","1","1","1","1","1","1","1","1","1","1","1","de52184a-99a7-4d03-be03-f067065b56a1"
"behr_smg_ballistic_01_ads_modifiers","1","1","1","0.5","0.4","0.1","1","0.05","0.4","0.65","0.2","1","1","0","1","1","1","1","1","1","1","1","1","1","1","1","1","1","1","1","1","1","1","1","1","1","1","1","1","1","1","1","1","1","1","1","1","1","1","1","1","1","1","1","1","1","1","1","1","1","1","1","1","1","1","1","1","1","1","1","1","1","1","1","1","1","1","1","1","1","1","1","1","1","1","1","1","1","1","1","1","0.3","0.5","0.3","1","1","1","0.75","0.5","0.5","0.3","0.5","0.3","1","1","1","1","1","1","1","1","1","1","1","1","1","1","1","1","1","1","1","1","1","1","1","1","1","1","1","1","1","1","1","0","1","1","1","1","1","0","0","0","0.8","0.55","0.8","1","1","1","1","1","1","1","1","1","1","1","1","1","1","1","1","1","1","1","1","1","c5723513-a231-4ccc-9461-a63804f37922"
"blank_ads_modifiers","1","1","1","1","1","1","1","1","1","1","1","1","1","0","1","1","1","1","1","1","1","1","1","1","1","1","1","1","1","1","1","1","1","1","1","1","1","1","1","1","1","1","1","1","1","1","1","1","1","1","1","1","1","1","1","1","1","1","1","1","1","1","1","1","1","1","1","1","1","1","1","1","1","1","1","1","1","1","1","1","1","1","1","1","1","1","1","1","1","1","1","1","1","1","1","1","1","1","1","1","0.75","1","0.75","1","1","1","1","1","1","1","1","1","1","1","1","1","1","1","1","1","1","1","1","1","1","1","1","1","1","1","1","1","1","1","0","1","1","1","1","1","1","1","1","1","1","1","1","1","1","1","1","1","1","1","1","1","1","1","1","1","1","1","1","1","1","1","1","703e46c7-bc8b-4f5f-8cf8-801d9d3e0b46"
"generic_lmg_crouched_modifiers","1","1","1","1","1","0.3","1","0.1","0.5","0.5","0.1","0.5","0.5","0","1","1","1","1","1","1","1","1","1","1","1","1","1","0.75","1","0.75","1","1","1","1","1","1","1","1","1","1","1","1","1","0.75","0.75","1","1","1","1","1","1","1","1","1","1","1","1","0.6","0.6","0.6","1","1","1","1","1","1","1","1","1","1","1","1","0.6","0.6","0.6","0.44","1","1","1","1","1","1","1","1","1","1","1","1","1","1","1","0.1","0.1","0.3","1","1","1","0.5","0.75","0.5","0.3","0.75","0.4","0.75","0.75","1","1","1","1","1","1","1","1","1","1","1","1","0","0","0","1","1","1","1","1","1","1","1","1","1","1","1","1","1","0","1","1","1","1","1","1","1","1","1","1","1","1","1","1","1","1","1","1","1","1","1","1","1","1","1","1","1","1","1","1","1","1","7b61a77a-4e65-4c94-9520-33e55362b88f"
"generic_lmg_prone_modifiers","1","1","1","1","1","0.3","1","0.1","0.5","0.5","0.1","0.5","0.5","0","1","1","1","1","1","1","1","1","1","1","1","1","1","0.5","1","0.5","1","1","1","1","1","1","1","1","1","1","1","1","0.5","0.5","0.5","1","1","1","1","1","1","1","1","1","1","1","1","0.6","0.6","0.6","1","1","1","1","1","1","1","1","1","1","1","1","0.6","0.6","0.6","0.44","1","1","1","1","1","1","1","1","1","1","1","1","1","1","1","0.1","0.1","0.3","1","1","1","0.5","0.75","0.5","0.3","0.75","0.4","0.5","0.5","1","1","1","1","1","1","1","1","1","1","1","1","0","0","0","1","1","1","1","1","1","1","1","1","1","1","1","1","1","0","1","1","1","1","1","1","1","1","1","1","1","1","1","1","0.45","0.45","0.45","1","1","1","1","1","1","0.45","0.45","0.45","1","1","1","1","1","1","b10a83dc-9934-4741-b9ee-29c01cacafc5"
"gmni_lmg_ballistic_01_ads_modifiers","1","0.1","0.5","0.8","0.8","0.1","1","0","0","1","0","0","0","0","1","1","1","1","1","1","1","1","1","1","1","1","1","1","1","1","1","1","1","1","1","1","1","1","1","1","1","1","1","1","1","1","1","1","1","1","1","1","1","1","1","1","1","1","1","1","1","1","1","1","1","1","1","1","1","1","1","1","1","1","1","1","1","1","1","1","1","1","1","1","1","1","1","1","1","1","1","0.75","0.75","0.75","0.75","1","1","0.6","0.8","0.75","0.6","0.75","0.6","1","1","1","1","1","1","1","1","1","1","1","1","1","1","1","1","1","1","1","1","1","1","1","1","1","1","1","1","1","1","1","0","1","1","1","1","1","1","1","1","1","0.5","1","1","1","1","1","1","1","1","1","1","1","1","1","1","1","1","1","1","1","1","1","1","e7e8b608-32d5-42c6-96f8-01c5f5c914e6"
"gmni_rifle_ballistic_01_ads_modifiers","1","1","1","1","0.5","0.3","1","0.5","0.5","0.5","0.3","0.5","0.5","0","1","1","1","1","1","1","1","1","1","1","1","1","1","1","1","1","1","1","1","1","1","1","1","1","1","1","1","1","1","1","1","1","1","1","1","1","1","1","1","1","1","1","1","1","1","1","1","1","1","1","1","1","1","1","1","1","1","1","1","1","1","1","1","1","1","1","1","1","1","1","1","1","1","1","1","1","1","0.3","0.5","0.3","0.75","1","1","1","0.5","0.75","0.35","0.75","0.35","1","1","1","1","1","1","1","1","1","1","1","1","1","1","1","1","1","1","1","1","1","1","1","1","1","11","1","1","1","1","1","0","1","1","1","1","1","1","1","1","0.7","0.7","0.5","1","1","1","1","1","1","1","1","1","1","1","1","1","1","1","1","1","1","1","1","1","dbe68269-8e99-4fae-a7f1-e2fc2c8554c3"
"klwe_lmg_energy_01_ads_modifiers","1","1","1","1","1","1","1","1","1","1","0.1","1","1","0","1","1","1","1","1","1","1","1","1","1","1","1","1","1","1","1","1","1","1","1","1","1","1","1","1","1","1","1","1","1","1","1","1","1","1","1","1","1","1","1","1","1","1","1","1","1","1","1","1","1","1","1","1","1","1","1","1","1","1","1","1","1","1","1","1","1","1","1","1","1","1","1","1","1","1","1","1","0.75","0.75","0.75","0.75","1","1","0.75","0.75","0.75","0.7","0.75","0.7","1","1","1","1","1","1","1","1","1","1","1","1","1","1","1","1","1","1","1","1","1","1","1","1","1","1","1","1","1","1","1","0","1","1","1","1","1","1","1","1","1.1","1","1","1","1","1","1","1","1","1","1","1","1","1","1","1","1","1","1","1","1","1","1","1","06df8826-4562-4eed-be44-1b4208750488"
"klwe_rifle_energy_01_ads_modifiers","1","1","1","1","0.9","0.4","1","1","1","0.3","0.2","1","1","0","1","1","1","1","1","1","1","1","1","1","1","1","1","1","1","1","1","1","1","1","1","1","1","1","1","1","1","1","1","1","1","1","1","1","1","1","1","1","1","1","1","1","1","1","1","1","1","1","1","1","1","1","1","1","1","1","1","1","1","1","1","1","1","1","1","1","1","1","1","1","1","1","1","1","1","1","1","0.5","0.5","0.6","0.5","1","1","0.5","0.7","0.3","0.5","0.5","0.5","1","1","1","1","1","1","1","1","1","1","1","1","1","1","1","1","1","1","1","1","1","1","1","1","1","1","1","1","1","1","1","0","1","1","1","1","1","1","1","1","2.5","0.15","0.2","1","1","1","1","1","1","1","1","1","1","1","1","1","1","1","1","1","1","1","1","1","13418bc7-930f-4e05-8e3c-8347aebe722c"
"klwe_smg_energy_01_ads_modifiers","1","1","1","1","0.75","0.25","1","0.5","0.5","0.15","0.1","1","1","0","1","1","1","1","1","1","1","1","1","1","1","1","1","1","1","1","1","1","1","1","1","1","1","1","1","1","1","1","1","1","1","1","1","1","1","1","1","1","1","1","1","1","1","1","1","1","1","1","1","1","1","1","1","1","1","1","1","1","1","1","1","1","1","1","1","1","1","1","1","1","1","1","1","1","1","1","1","0.5","0.5","0.6","0.7","1","1","0.5","0.7","0.5","0.6","0.75","0.6","1","1","1","1","1","1","1","1","1","1","1","1","1","1","1","1","1","1","1","1","1","1","1","1","1","1","1","1","1","1","1","0","1","1","1","1","1","1","1","1","0.8","0.15","0.2","1","1","1","1","1","1","1","1","1","1","1","1","1","1","1","1","1","1","1","1","1","aee1acba-d50d-401d-bdfb-92a0545b0685"
"ksar_rifle_energy_01_ads_modifiers","1","1","1","1","1","0.3","1","0.1","0.5","0.5","0.1","0.5","0.5","0","1","1","1","1","1","1","1","1","1","1","1","1","1","1","1","1","1","1","1","1","1","1","1","1","1","1","1","1","1","1","1","1","1","1","1","1","1","1","1","1","1","1","1","1","1","1","1","1","1","1","1","1","1","1","1","1","1","1","1","1","1","1","1","1","1","1","1","1","1","1","1","1","1","1","1","1","1","0.5","1","0.3","1","1","1","0.5","0.75","0.5","0.3","0.75","0.4","1","1","1","1","1","1","1","1","1","1","1","1","1","1","1","1","1","1","1","1","1","1","1","1","1","1","1","1","1","1","1","0","1","1","1","1","1","1","1","1","1","0.3","1","1","1","1","1","1","1","1","1","1","1","1","1","1","1","1","1","1","1","1","1","1","e0630720-758f-476f-add2-ba3405ef9eeb"
"ksar_shotgun_ballistic_01_ads_modifiers","1","1","1","1","0.6","0.2","1","0.6","0.6","0.6","0.2","0.6","0.6","0","1","1","1","1","1","1","1","1","1","1","1","1","1","1","1","1","1","1","1","1","1","1","1","1","1","1","1","1","1","1","1","1","1","1","1","1","1","1","1","1","1","1","1","1","1","1","1","1","1","1","1","1","1","1","1","1","1","1","1","1","1","1","1","1","1","1","1","1","1","1","1","1","1","1","1","1","1","0.5","0.5","0.6","0.5","1","1","0.7","0.7","0.5","0.5","0.5","0.5","1","1","1","1","1","1","1","1","1","1","1","1","1","1","1","1","1","1","1","1","1","1","1","1","1","1","1","1","1","1","1","0","1","1","1","1","1","1","1","1","0.8","0.5","0.6","1","1","1","1","1","1","1","1","1","1","1","1","1","1","1","1","1","1","1","1","1","273d406a-d830-4a6e-bb0b-b9b395e3ca25"
"ksar_smg_energy_01_ads_modifiers","1","1","1","1","0.6","0.2","1","0.6","0.96","0.6","0.2","0.6","0.6","0","1","1","1","1","1","1","1","1","1","1","1","1","1","1","1","1","1","1","1","1","1","1","1","1","1","1","1","1","1","1","1","1","1","1","1","1","1","1","1","1","1","1","1","1","1","1","1","1","1","1","1","1","1","1","1","1","1","1","1","1","1","1","1","1","1","1","1","1","1","1","1","1","1","1","1","1","1","0.5","0.5","0.6","0.5","1","1","0.7","0.7","0.5","0.5","0.5","0.5","1","1","1","1","1","1","1","1","1","1","1","1","1","1","1","1","1","1","1","1","1","1","1","1","1","1","1","1","1","1","1","0","1","1","1","1","1","1","1","1","0.8","0.5","0.6","1","1","1","1","1","1","1","1","1","1","1","1","1","1","1","1","1","1","1","1","1","6cbe2c47-4684-4056-834e-97632b3e7d89"
"none_lmg_ballistic_01_idle_modifiers","1","1","1","1","1","1","1","1","1","1","1","1","1","0","1","1","1","1.06","1","1","1","1","1","1","1","1","1","2","3","2","40","0.5","40","40","0.5","40","1","1","1","1","1","1","2","1","1","3","3","3","3","3","3","1","1","1","1","1","1","1","0.75","1","2","2","1","1","2","2","1","1","2","2","1","1","1","1","1","2","2","1","1","2","2","1","1","2","2","1","1","1","1","1","1","1","1","1","1","1","1","1","1","1","0.75","1","0.75","1","1","1","1","1","1","1","1","1","1","1","1","1","1","1","1","1","1","1","1","1","1","1","1","1","1","1","1","1","1","1","0","1","1","1","1","1","1","1","1","1","1","1","1","1","1","1.5","1.5","1.5","1.5","1","1.5","1","1.5","1","1.5","1.5","1.5","1","1","1","1","1","1","19134d18-e46a-47d2-8266-e802477f4d33"
"none_pistol_ballistic_01_idle_modifiers","1","1","1","1","1","1","1","1","1","1","1","1","1","0","1","1","1","1.3","1","1","1","1","1","1","1","1","1","1","2","1","40","0.5","40","40","0.5","40","1","1","1","1","1","1","1","2","2","3","3","3","3","3","3","1","1","1","1","1","1","1","0.75","1","2","2","1","1","2","2","1","1","2","2","1","1","1","1","1","2","2","1","1","2","2","1","1","2","2","1","1","1","1","1","1","1","1","1","1","1","1","1","1","1","0.75","1","0.75","1","1","1","1","1","1","1","1","1","1","1","1","1","1","1","1","1","1","1","1","1","1","1","1","1","1","1","1","1","1","1","0","1","1","1","1","1","1","1","1","1","1","1","1","1","1","1.5","1.5","1.5","1.5","1","1.5","1","1.5","1","1","1.5","1","1","1","1","1","1","1","1c6d317b-0a61-47c2-9fa9-750e81719f41"
"none_rifle_multi_01_idle_modifiers","1","1","1","1","1","1","1","1","1","1","1","1","1","0","1","1","1","1.3","1","1","1","1","1","1","1","1","1","6","1.5","3","1","1","1","1","1","1","1","1","1","1","1","1","8","8","5","1","1","1","1","1","1","1","1","1","1","1","1","1","1.5","1","3","1","1","1","1.5","1","1","1","3","1","1","1","1","1","1","1","1","1","1","2","1","1","1","2","1","1","1","1","1","1","1","1","1","1","1","1","1","1","1","1","0.75","1","0.75","2.5","2","1","1","1","1","1","1","1","1","1","1","1","1","1","1","1","1","1","1","1","1","1","1","1","1","1","1","1","1","1","0","1","1","1","1","1","1","1","1","1","1","1","1","1","1","1","1","1","1","1","1","1","1","1","1","1","1","1","1","1","1","1","1","bef1b0bc-8e65-4511-8327-d5105049202b"
"volt_lmg_energy_01_crouched_modifiers","1","1","1","1","1","0.3","1","0.1","0.5","0.5","0.1","0.5","0.5","0","1","1","1","1","1","1","1","1","1","1","1","1","1","0.3","1","0.3","1","1","1","1","1","1","1","1","1","1","1","1","0.1","0.1","0.2","1","1","1","1","1","1","1","1","1","1","1","1","0.6","0.6","0.6","1","1","1","1","1","1","1","1","1","1","1","1","0.6","0.6","0.6","0.44","1","1","1","1","1","1","1","1","1","1","1","1","1","1","1","0.1","0.1","0.3","1","1","1","0.5","0.75","0.5","0.3","0.75","0.4","0.4","0.4","1","1","0.6","0.6","0.6","0.6","1","1","1","1","1","1","0","0","0","1","1","1","1","1","1","1","1","1","1","1","1","1","1","0","1","1","1","1","1","1","1","1","1","1","1","1","1","1","1","1","1","1","1","1","1","1","1","1","1","1","1","1","1","1","1","1","5d9c0931-10bf-4a2f-8590-6ced0840b0b0"
"volt_lmg_energy_01_idle_modifiers","1","1","1","1","1","1","1","1","1","1","1","1","1","0","1","1","1","1.2","1","1","1","1","1","1","1","1","1","4","1","4","40","0.5","40","40","0.5","40","1","1","1","1","1","1","2","5","5","3","3","3","3","3","3","1","1","1","1","1","1","1","0.75","1","2","2","1","1","2","2","1","1","2","2","1","1","1","1","1","2","2","1","1","2","2","1","1","2","2","1","1","1","1","1","1","1","1","1","1","1","1","1","1","1","0.75","1","0.75","1","1","1","1","1","1","1","1","1","1","1","1","1","1","1","1","1","1","1","1","1","1","1","1","1","1","1","1","1","1","1","0","1","1","1","1","1","1","1","1","1","1","1","1","1","1","3","3","3","3","1","3","1","3","1","3","3","3","1","1","1","1","1","1","40bee690-db73-42b4-9d24-30d3ccc933e3"
"volt_lmg_energy_01_prone_modifiers","1","1","1","1","1","0.3","1","0.1","0.5","0.5","0.1","0.5","0.5","0","1","1","1","1","1","1","1","1","1","1","1","1","1","0.25","1","0.25","1","1","1","1","1","1","1","1","1","1","1","1","0.25","0.25","0.25","1","1","1","1","1","1","1","1","1","1","1","1","0.6","0.6","0.6","1","1","1","1","1","1","1","1","1","1","1","1","0.6","0.6","0.6","0.44","1","1","1","1","1","1","1","1","1","1","1","1","1","1","1","0.1","0.1","0.3","1","1","1","0.5","0.75","0.5","0.3","0.75","0.4","0.15","0.15","1","1","0.6","0.6","0.6","0.6","1","1","1","1","1","1","0","0","0","1","1","1","1","1","1","1","1","1","1","1","1","1","1","0","1","1","1","1","1","1","1","1","1","1","1","1","1","1","0.45","0.45","0.45","1","1","1","1","1","1","0.45","0.45","0.45","1","1","1","1","1","1","55257f85-c95d-45c0-a243-09f804bbf472"
"volt_pistol_energy_01_idle_modifiers","1","1","1","1","1","1","1","1","1","1","1","1","1","0","1","1","1","1.4","1","1","1","1","1","1","1","1","1","2.2","0.66","2.2","3","1.5","3","3","1.5","3","1","1","1","1","1","1","1","2.2","2.75","3","3","3","3","3","3","1","1","1","1","1","1","1","1","1","1","1","1","1","1","1","1","1","1","1","1","1","1","1","1","1","1","1","1","1","1","1","1","1","1","1","1","1","1","1","1","1","1","1","1","1","1","1","1","1","0.75","1","0.75","1","1","1","1","1","1","1","1","1","1","1","1","1","1","1","1","1","3","1","1","1","1","1","1","1","1","1","1","1","1","1","0","1","1","1","1","1","1","1","1","1","1","1","1","1","1","1","1","1","1","1","1","1","1","1","1","1","1","1","1","1","1","1","1","01fe822d-3324-4fbb-8178-d212ee8f5ef8"
"volt_rifle_idle_recoil_modifier","1","1","1","1","1","1","1","1","1","1","1","1","1","0","1","1","1","1","1","1","1","1","1","1","1","1","1","10","2","10","10","2","10","10","10","10","1","1","1","1","1","1","5","5","5","3","3","3","3","3","3","1","1","1","1","1","1","2","0.75","3","2","2","1","1","2","2","1","1","2","2","1","1","2","2","2","2","2","1","1","2","2","1","1","2","2","1","1","1","1","1","1","1","1","1","1","1","1","1","1","1","0.75","1","0.75","1","1","1","1","1","1","1","1","1","1","1","1","1","1","1","1","1","1","1","1","1","1","1","1","1","1","1","1","1","1","1","0","1","1","1","1","1","1","1","1","1","1","1","1","1","1","1.5","1","1.5","1.5","1","1.5","1","1.5","1","1.5","1.5","1.5","1","1","1","1","1","1","78a1ec45-0080-4894-993c-be4b099f83e8"
"volt_shotgun_idle_recoil_modifier","1","1","1","1","1","1","1","1","1","1","1","1","1","0","1","1","1","1.5","1","1","1","1","1","1","1","1","1","3","2","3","1","1","1","1","1","1","1","1","1","1","1","1","3","3","3","3","3","3","3","3","3","1","1","1","1","1","1","1","1","1","1","1","1","1","1","1","1","1","1","1","1","1","1","1","1","1","1","1","1","1","1","1","1","1","1","1","1","1","1","1","1","1","1","1","1","1","1","1","1","1","0.75","1","0.75","1","1","1","1","1","1","1","1","1","1","1","1","1","1","1","1","1","1","1","1","1","1","1","1","1","1","1","1","1","1","1","0","1","1","1","1","1","1","1","1","1","1","1","1","1","1","3","1","3","3","1","3","1","3","1","1.5","3","1.5","1","1","1","1","1","1","d6f45c6c-1b85-4e62-b65a-6f0aabaec880"
"volt_sniper_energy_01_idle_modifiers","1","1","1","1","1","1","1","1","1","1","1","1","1","0","1","1","1","1.44","1","1","1","1","1","1","1","1","1","6","1","5","20","20","20","20","20","20","1","1","1","1","1","1","4.5","8","2","20","20","2","20","20","20","1","1","1","1","1","1","1","1","1","1","1","1","1","1","1","1","1","1","1","1","1","1","1","1","1","1","1","1","1","1","1","1","1","1","1","1","1","1","1","1","1","1","1","1","1","1","1","1","1","0.75","1","0.75","1","1","1","1","1","1","1.85","1.85","1","1","1","1","1","1","1","1","1","3","1","1","1","1","1","1","1","1","1","1","1","1","1","0","1","1","1","1","1","1","1","1","1","1","1","1","1","1","2","1","2","0","1","1","1","0","1","3","3","3","1","1","1","1","1","1","c45e4984-a0a2-447a-b99e-edc27d1c5b6d"
"","1","1","1","1","1","1","1","1","1","1","1","1","1","","1","1","1","1","1","1","1","1","1","1","1","1","1","1","1","1","1","1","1","1","1","1","1","1","1","1","1","1","1","1","1","1","1","1","1","1","1","1","1","1","1","1","1","1","1","1","1","1","1","1","1","1","1","1","1","1","1","1","1","1","1","1","1","1","1","1","1","1","1","1","1","1","1","1","1","1","1","1","1","1","1","1","1","1","1","1","1","1","1","1","1","1","1","1","1","1","1","1","1","1","1","1","1","1","1","1","1","1","1","1","1","1","1","1","1","1","1","1","1","1","1","1","1","1","1","1","1","1","1","1","1","1","1","1","1","1","1","1","1","1","1","1","1","1","1","1","1","1","1","1","1","1","1","1"