"SC Alpha 4.7 FPS Data It took me a lot of time to get SC FPS Data spreasheet to the level it is now and each update takes time. All the data is free for all, so each donations will be greatly appreciated <3 Donations PayPal $","","","","Patreon","","","","","by ","Dabalta RSI Discord Last Version :","Referral Code ","Reddit "
"PayPal €","","","","","","","","","","4.7","Link",""
"Your support helps me a lot to keep the spreadsheet up to date and people who donated at least 2€ have advantages for a month","","","","","","","","","","","",""
"You have to make a donation of at least 2€ to have access to the calculator for a month","","","","","","","","","","","",""
"Mass/Speed Calculator","","","","","","","","","","","",""
"Clothing","Yes/No/Which","","Item","Yes/No/Which","","","Clothing","Yes/No/Which","","Item","Yes/No/Which",""
"Hat","No","0","1° Weapon","P8-SC SMG","2.75","","Hat","No","0","1° Weapon","P8-SC SMG","2.75"
"Shirt","No","0","-Magazine","P8-SC SMG Magazine (45 cap)","0.43","","Shirt","No","0","-Magazine","P8-SC SMG Magazine (45 cap)","0.43"
"Jacket","No","0","-Optics","Delta ""Scorched"" (1x Reflex)","0.1","","Jacket","No","0","-Optics","Delta ""Scorched"" (1x Reflex)","0.1"
"Torso_2","No","0","-Barrel","Torrent Compensator1","0.1","","Torso_2","No","0","-Barrel","Torrent Compensator1","0.1"
"Gloves","No","0","-Underbarrel","Tracer Laser Pointer Green","0.1","","Gloves","No","0","-Underbarrel","Tracer Laser Pointer Green","0.1"
"Pants","No","0","2° Weapon","P6-LR Sniper Rifle","7.5","","Pants","No","0","2° Weapon","P6-LR Sniper Rifle","7.5"
"Footwear","No","0","-Magazine","P6-LR Magazine (8 cap)","0.9","","Footwear","No","0","-Magazine","P6-LR Magazine (8 cap)","0.9"
"Armor","","","-Optics","TS-35 Basara (3.5x Telescopic)","0.1","","Armor","","","-Optics","TS-35 Basara (3.5x Telescopic)","0.1"
"Undersuit","Undersuit","1","-Barrel","Torrent Compensator2","0.1","","Undersuit","Undersuit","1","-Barrel","No","0"
"Helmet","Heavy","5.05","-Underbarrel","No","0","","Helmet","Heavy","5.05","-Underbarrel","No","0"
"Torso","Heavy","7","Sidearm","ParaMed Medical Device","1.5","","Torso","Heavy","7","Sidearm","ParaMed Medical Device","1.5"
"Backpack","Heavy","6","-Magazine","ParaMed Refill","0.32","","Backpack","No","0","-Magazine","ParaMed Refill","0.32"
"Arms","Heavy","6","-Optics","No","0","","Arms","Heavy","6","-Optics","No","0"
"Legs","Heavy","8","-Barrel","No","0","","Legs","Medium","6","-Barrel","No","0"
"Item","","","-Underbarrel","No","0","","Item","","","-Underbarrel","No","0"
"Grenade 1","No","0","Magazine 1","P8-SC SMG Magazine (45 cap)","0.43","","Grenade 1","No","0","Magazine 1","P8-SC SMG Magazine (45 cap)","0.43"
"Grenade 2","MK-4 Frag Grenade","0.4","Magazine 2","P8-SC SMG Magazine (45 cap)","0.43","","Grenade 2","No","0","Magazine 2","P8-SC SMG Magazine (45 cap)","0.43"
"Grenade 3","MK-4 Frag Grenade","0.4","Magazine 3","P8-SC SMG Magazine (45 cap)","0.43","","Grenade 3","No","0","Magazine 3","P8-SC SMG Magazine (45 cap)","0.43"
"Grenade 4","MK-4 Frag Grenade","0.4","Magazine 4","P8-SC SMG Magazine (45 cap)","0.43","","Grenade 4","No","0","Magazine 4","P8-SC SMG Magazine (45 cap)","0.43"
"Consumable 1","No","0","Magazine 5","P8-SC SMG Magazine (45 cap)","0.43","","Consumable 1","MedPen (Hemozal)","0.25","Magazine 5","P8-SC SMG Magazine (45 cap)","0.43"
"Consumable 2","MedPen (Hemozal)","0.25","Magazine 6","P8-SC SMG Magazine (45 cap)","0.43","","Consumable 2","No","0","Magazine 6","P8-SC SMG Magazine (45 cap)","0.43"
"Consumable 3","MedPen (Hemozal)","0.25","Magazine 7","P8-SC SMG Magazine (45 cap)","0.43","","Consumable 3","No","0","Magazine 7","P8-SC SMG Magazine (45 cap)","0.43"
"Consumable 4","MedPen (Hemozal)","0.25","Magazine 8","P8-SC SMG Magazine (45 cap)","0.43","","Consumable 4","No","0","Magazine 8","P8-SC SMG Magazine (45 cap)","0.43"
"Utility Undersuit","Pyro RYT Multi-Tool","1.5","Utility Legs","No","0","","Utility Undersuit","Pyro RYT Multi-Tool","1.5","Utility Legs","No","0"
"-Module","TruHold Tractor Beam Attachment","0.1","-Module","No","0","","-Module","TruHold Tractor Beam Attachment","0.1","-Module","No","0"
"-1° Magazine","Pyro RYT Multi-Tool Battery","0.32","-1° Magazine","No","0","","-1° Magazine","Pyro RYT Multi-Tool Battery","0.32","-1° Magazine","No","0"
"-2° Magazine","No","0","-2° Magazine","No","0","","-2° Magazine","No","0","-2° Magazine","No","0"
"Gadget","No","0","MobiGlas","Yes","0.5","","Gadget","No","0","MobiGlas","Yes","0.5"
"Mass :","54.76 kg","","Custom","Weight at 1G :","","","Mass :","44.96 kg","","Custom","Weight at 1G :",""
"Speed Factor :","0.8","","Weapon","Direction :","","","Speed Factor :","0.85","","Weapon","Direction :",""
"Sprint Speed : 5.48 m/s          Run Speed : 4 m/s","","","","ADS Speed :","","1","Sprint Speed : 5.82 m/s          Run Speed : 4.25 m/s","","","","ADS Speed :",""
"Sprint
Duration","32.3 s","","5,000","Time taken to
cover distance :","","","Sprint
Duration","37.4 s","","5,000","Time taken to
cover distance :",""
"Clothes equipped under the undersuit are taken into account in the mass/weight of your character","","","","","","","","","","","",""
"54.76","54.76","5.48","912.4087591","32.3","","0.35675","44.96","44.96","5.8225","858.7376556","37.4",""